--------------------------------------------------------
--  File created - viernes-junio-13-2025   
--------------------------------------------------------
--------------------------------------------------------
--  DDL for Sequence DBTOOLS$EXECUTION_HISTORY_SEQ
--------------------------------------------------------

   CREATE SEQUENCE  "TODOUSER"."DBTOOLS$EXECUTION_HISTORY_SEQ"  MINVALUE 1 MAXVALUE 9999999999999999999999999999 INCREMENT BY 1 START WITH 184 CACHE 20 NOORDER  NOCYCLE  NOKEEP  NOSCALE  GLOBAL ;
--------------------------------------------------------
--  DDL for Table DBTOOLS$EXECUTION_HISTORY
--------------------------------------------------------

  CREATE TABLE "TODOUSER"."DBTOOLS$EXECUTION_HISTORY" 
   (	"ID" NUMBER, 
	"HASH" CLOB COLLATE "USING_NLS_COMP", 
	"CREATED_BY" VARCHAR2(255 BYTE) COLLATE "USING_NLS_COMP", 
	"CREATED_ON" TIMESTAMP (6) WITH TIME ZONE, 
	"UPDATED_BY" VARCHAR2(255 BYTE) COLLATE "USING_NLS_COMP", 
	"UPDATED_ON" TIMESTAMP (6) WITH TIME ZONE, 
	"STATEMENT" CLOB COLLATE "USING_NLS_COMP", 
	"TIMES" NUMBER
   )  DEFAULT COLLATION "USING_NLS_COMP" SEGMENT CREATION IMMEDIATE 
  PCTFREE 10 PCTUSED 40 INITRANS 10 MAXTRANS 255 
 COLUMN STORE COMPRESS FOR QUERY HIGH ROW LEVEL LOCKING LOGGING
  STORAGE(INITIAL 65536 NEXT 1048576 MINEXTENTS 1 MAXEXTENTS 2147483645
  PCTINCREASE 0 FREELISTS 1 FREELIST GROUPS 1
  BUFFER_POOL DEFAULT FLASH_CACHE DEFAULT CELL_FLASH_CACHE DEFAULT)
  TABLESPACE "DATA" 
 LOB ("HASH") STORE AS SECUREFILE (
  TABLESPACE "DATA" ENABLE STORAGE IN ROW CHUNK 8192
  NOCACHE LOGGING  NOCOMPRESS  KEEP_DUPLICATES 
  STORAGE(INITIAL 106496 NEXT 1048576 MINEXTENTS 1 MAXEXTENTS 2147483645
  PCTINCREASE 0
  BUFFER_POOL DEFAULT FLASH_CACHE DEFAULT CELL_FLASH_CACHE DEFAULT)) 
 LOB ("STATEMENT") STORE AS SECUREFILE (
  TABLESPACE "DATA" ENABLE STORAGE IN ROW CHUNK 8192
  NOCACHE LOGGING  NOCOMPRESS  KEEP_DUPLICATES 
  STORAGE(INITIAL 106496 NEXT 1048576 MINEXTENTS 1 MAXEXTENTS 2147483645
  PCTINCREASE 0
  BUFFER_POOL DEFAULT FLASH_CACHE DEFAULT CELL_FLASH_CACHE DEFAULT)) ;
--------------------------------------------------------
--  DDL for Table DEVELOPERS
--------------------------------------------------------

  CREATE TABLE "TODOUSER"."DEVELOPERS" 
   (	"ID" NUMBER GENERATED BY DEFAULT AS IDENTITY MINVALUE 1 MAXVALUE 9999999999999999999999999999 INCREMENT BY 1 START WITH 1 CACHE 20 NOORDER  NOCYCLE  NOKEEP  NOSCALE , 
	"NAME" VARCHAR2(255 BYTE) COLLATE "USING_NLS_COMP", 
	"PHONE_NUMBER" VARCHAR2(20 BYTE) COLLATE "USING_NLS_COMP", 
	"EMAIL" VARCHAR2(255 BYTE) COLLATE "USING_NLS_COMP", 
	"PASSWORD_HASH" VARCHAR2(64 BYTE) COLLATE "USING_NLS_COMP", 
	"ROLE" VARCHAR2(20 BYTE) COLLATE "USING_NLS_COMP" DEFAULT 'developer'
   )  DEFAULT COLLATION "USING_NLS_COMP" SEGMENT CREATION IMMEDIATE 
  PCTFREE 10 PCTUSED 40 INITRANS 10 MAXTRANS 255 
 COLUMN STORE COMPRESS FOR QUERY HIGH ROW LEVEL LOCKING LOGGING
  STORAGE(INITIAL 65536 NEXT 1048576 MINEXTENTS 1 MAXEXTENTS 2147483645
  PCTINCREASE 0 FREELISTS 1 FREELIST GROUPS 1
  BUFFER_POOL DEFAULT FLASH_CACHE DEFAULT CELL_FLASH_CACHE DEFAULT)
  TABLESPACE "DATA" ;
--------------------------------------------------------
--  DDL for Table DEVELOPER_SPRINT_STATS
--------------------------------------------------------

  CREATE TABLE "TODOUSER"."DEVELOPER_SPRINT_STATS" 
   (	"DEVELOPER_ID" NUMBER, 
	"SPRINT_ID" NUMBER, 
	"TOTAL_ASSIGNED_COUNT" NUMBER(5,0) DEFAULT 0, 
	"TOTAL_COMPLETED_COUNT" NUMBER(5,0) DEFAULT 0, 
	"SUM_ESTIMATED_HOURS" NUMBER(10,2) DEFAULT 0, 
	"SUM_ACTUAL_HOURS" NUMBER(10,2) DEFAULT 0, 
	"LAST_UPDATED_TS" TIMESTAMP (6) DEFAULT CURRENT_TIMESTAMP
   )  DEFAULT COLLATION "USING_NLS_COMP" SEGMENT CREATION IMMEDIATE 
  PCTFREE 10 PCTUSED 40 INITRANS 10 MAXTRANS 255 
 COLUMN STORE COMPRESS FOR QUERY HIGH ROW LEVEL LOCKING LOGGING
  STORAGE(INITIAL 65536 NEXT 1048576 MINEXTENTS 1 MAXEXTENTS 2147483645
  PCTINCREASE 0 FREELISTS 1 FREELIST GROUPS 1
  BUFFER_POOL DEFAULT FLASH_CACHE DEFAULT CELL_FLASH_CACHE DEFAULT)
  TABLESPACE "DATA" ;
--------------------------------------------------------
--  DDL for Table DEVELOPER_STATS
--------------------------------------------------------

  CREATE TABLE "TODOUSER"."DEVELOPER_STATS" 
   (	"DEVELOPER_ID" NUMBER, 
	"TOTAL_ASSIGNED_COUNT" NUMBER(5,0) DEFAULT 0, 
	"TOTAL_COMPLETED_COUNT" NUMBER(5,0) DEFAULT 0, 
	"SUM_ESTIMATED_HOURS" NUMBER(10,2) DEFAULT 0, 
	"SUM_ACTUAL_HOURS" NUMBER(10,2) DEFAULT 0, 
	"LAST_UPDATED_TS" TIMESTAMP (6) DEFAULT CURRENT_TIMESTAMP
   )  DEFAULT COLLATION "USING_NLS_COMP" SEGMENT CREATION IMMEDIATE 
  PCTFREE 10 PCTUSED 40 INITRANS 10 MAXTRANS 255 
 COLUMN STORE COMPRESS FOR QUERY HIGH ROW LEVEL LOCKING LOGGING
  STORAGE(INITIAL 65536 NEXT 1048576 MINEXTENTS 1 MAXEXTENTS 2147483645
  PCTINCREASE 0 FREELISTS 1 FREELIST GROUPS 1
  BUFFER_POOL DEFAULT FLASH_CACHE DEFAULT CELL_FLASH_CACHE DEFAULT)
  TABLESPACE "DATA" ;
--------------------------------------------------------
--  DDL for Table SPRINTS
--------------------------------------------------------

  CREATE TABLE "TODOUSER"."SPRINTS" 
   (	"ID" NUMBER GENERATED BY DEFAULT AS IDENTITY MINVALUE 1 MAXVALUE 9999999999999999999999999999 INCREMENT BY 1 START WITH 1 CACHE 20 NOORDER  NOCYCLE  NOKEEP  NOSCALE , 
	"SPRINT_NUMBER" NUMBER, 
	"START_DATE" DATE, 
	"END_DATE" DATE
   )  DEFAULT COLLATION "USING_NLS_COMP" SEGMENT CREATION IMMEDIATE 
  PCTFREE 10 PCTUSED 40 INITRANS 10 MAXTRANS 255 
 COLUMN STORE COMPRESS FOR QUERY HIGH ROW LEVEL LOCKING LOGGING
  STORAGE(INITIAL 65536 NEXT 1048576 MINEXTENTS 1 MAXEXTENTS 2147483645
  PCTINCREASE 0 FREELISTS 1 FREELIST GROUPS 1
  BUFFER_POOL DEFAULT FLASH_CACHE DEFAULT CELL_FLASH_CACHE DEFAULT)
  TABLESPACE "DATA" ;
--------------------------------------------------------
--  DDL for Table SPRINT_STATS
--------------------------------------------------------

  CREATE TABLE "TODOUSER"."SPRINT_STATS" 
   (	"SPRINT_ID" NUMBER, 
	"TOTAL_SUBTASKS" NUMBER(5,0) DEFAULT 0, 
	"TOTAL_COMPLETED" NUMBER(5,0) DEFAULT 0, 
	"SUM_ESTIMATED_HOURS" NUMBER(10,2) DEFAULT 0, 
	"SUM_ACTUAL_HOURS" NUMBER(10,2) DEFAULT 0, 
	"LAST_UPDATED_TS" TIMESTAMP (6) DEFAULT CURRENT_TIMESTAMP
   )  DEFAULT COLLATION "USING_NLS_COMP" SEGMENT CREATION IMMEDIATE 
  PCTFREE 10 PCTUSED 40 INITRANS 10 MAXTRANS 255 
 COLUMN STORE COMPRESS FOR QUERY HIGH ROW LEVEL LOCKING LOGGING
  STORAGE(INITIAL 65536 NEXT 1048576 MINEXTENTS 1 MAXEXTENTS 2147483645
  PCTINCREASE 0 FREELISTS 1 FREELIST GROUPS 1
  BUFFER_POOL DEFAULT FLASH_CACHE DEFAULT CELL_FLASH_CACHE DEFAULT)
  TABLESPACE "DATA" ;
--------------------------------------------------------
--  DDL for Table SUBTASKS
--------------------------------------------------------

  CREATE TABLE "TODOUSER"."SUBTASKS" 
   (	"ID" NUMBER GENERATED BY DEFAULT AS IDENTITY MINVALUE 1 MAXVALUE 9999999999999999999999999999 INCREMENT BY 1 START WITH 1 CACHE 20 NOORDER  NOCYCLE  NOKEEP  NOSCALE , 
	"MAIN_TASK_ID" NUMBER, 
	"TITLE" VARCHAR2(255 BYTE) COLLATE "USING_NLS_COMP", 
	"COMPLETED" NUMBER(1,0), 
	"ASSIGNED_DEVELOPER_ID" NUMBER, 
	"IS_ACTIVE" NUMBER(1,0) DEFAULT 1, 
	"ESTIMATED_HOURS" NUMBER(3,1), 
	"ACTUAL_HOURS" NUMBER(4,2)
   )  DEFAULT COLLATION "USING_NLS_COMP" SEGMENT CREATION IMMEDIATE 
  PCTFREE 10 PCTUSED 40 INITRANS 10 MAXTRANS 255 
 COLUMN STORE COMPRESS FOR QUERY HIGH ROW LEVEL LOCKING LOGGING
  STORAGE(INITIAL 65536 NEXT 1048576 MINEXTENTS 1 MAXEXTENTS 2147483645
  PCTINCREASE 0 FREELISTS 1 FREELIST GROUPS 1
  BUFFER_POOL DEFAULT FLASH_CACHE DEFAULT CELL_FLASH_CACHE DEFAULT)
  TABLESPACE "DATA" ;
--------------------------------------------------------
--  DDL for Table TODOITEM
--------------------------------------------------------

  CREATE TABLE "TODOUSER"."TODOITEM" 
   (	"ID" NUMBER GENERATED ALWAYS AS IDENTITY MINVALUE 1 MAXVALUE 9999999999999999999999999999 INCREMENT BY 1 START WITH 1 CACHE 20 NOORDER  NOCYCLE  NOKEEP  NOSCALE , 
	"DESCRIPTION" VARCHAR2(4000 BYTE) COLLATE "USING_NLS_COMP", 
	"CREATION_TS" TIMESTAMP (6) WITH TIME ZONE DEFAULT CURRENT_TIMESTAMP, 
	"DONE" NUMBER(1,0), 
	"START_DATE" TIMESTAMP (6) DEFAULT CURRENT_TIMESTAMP, 
	"END_DATE" TIMESTAMP (6), 
	"PROGRESS" NUMBER(5,2) DEFAULT 0, 
	"STATUS" VARCHAR2(50 BYTE) COLLATE "USING_NLS_COMP" DEFAULT 'Not Started', 
	"TITLE" VARCHAR2(255 BYTE) COLLATE "USING_NLS_COMP", 
	"SPRINT_ID" NUMBER, 
	"IS_ACTIVE" NUMBER(1,0) DEFAULT 1
   )  DEFAULT COLLATION "USING_NLS_COMP" SEGMENT CREATION IMMEDIATE 
  PCTFREE 10 PCTUSED 40 INITRANS 10 MAXTRANS 255 
 COLUMN STORE COMPRESS FOR QUERY HIGH ROW LEVEL LOCKING LOGGING
  STORAGE(INITIAL 65536 NEXT 1048576 MINEXTENTS 1 MAXEXTENTS 2147483645
  PCTINCREASE 0 FREELISTS 1 FREELIST GROUPS 1
  BUFFER_POOL DEFAULT FLASH_CACHE DEFAULT CELL_FLASH_CACHE DEFAULT)
  TABLESPACE "DATA" ;
REM INSERTING into TODOUSER.DBTOOLS$EXECUTION_HISTORY
SET DEFINE OFF;
Insert into TODOUSER.DBTOOLS$EXECUTION_HISTORY (ID,CREATED_BY,CREATED_ON,UPDATED_BY,UPDATED_ON,TIMES) values (4,'TODOUSER',to_timestamp_tz('22-APR-25 06.15.44.959305000 PM GMT','DD-MON-RR HH.MI.SSXFF AM TZR'),'TODOUSER',to_timestamp_tz('22-APR-25 06.15.44.959305000 PM GMT','DD-MON-RR HH.MI.SSXFF AM TZR'),1);
Insert into TODOUSER.DBTOOLS$EXECUTION_HISTORY (ID,CREATED_BY,CREATED_ON,UPDATED_BY,UPDATED_ON,TIMES) values (7,'TODOUSER',to_timestamp_tz('22-APR-25 06.18.28.574402000 PM GMT','DD-MON-RR HH.MI.SSXFF AM TZR'),'TODOUSER',to_timestamp_tz('22-APR-25 06.18.28.574402000 PM GMT','DD-MON-RR HH.MI.SSXFF AM TZR'),1);
Insert into TODOUSER.DBTOOLS$EXECUTION_HISTORY (ID,CREATED_BY,CREATED_ON,UPDATED_BY,UPDATED_ON,TIMES) values (8,'TODOUSER',to_timestamp_tz('22-APR-25 06.21.59.559515000 PM GMT','DD-MON-RR HH.MI.SSXFF AM TZR'),'TODOUSER',to_timestamp_tz('22-APR-25 06.21.59.559515000 PM GMT','DD-MON-RR HH.MI.SSXFF AM TZR'),1);
Insert into TODOUSER.DBTOOLS$EXECUTION_HISTORY (ID,CREATED_BY,CREATED_ON,UPDATED_BY,UPDATED_ON,TIMES) values (10,'TODOUSER',to_timestamp_tz('22-APR-25 06.24.14.476720000 PM GMT','DD-MON-RR HH.MI.SSXFF AM TZR'),'TODOUSER',to_timestamp_tz('05-JUN-25 03.41.05.060880000 AM GMT','DD-MON-RR HH.MI.SSXFF AM TZR'),11);
Insert into TODOUSER.DBTOOLS$EXECUTION_HISTORY (ID,CREATED_BY,CREATED_ON,UPDATED_BY,UPDATED_ON,TIMES) values (13,'TODOUSER',to_timestamp_tz('22-APR-25 07.24.07.079699000 PM GMT','DD-MON-RR HH.MI.SSXFF AM TZR'),'TODOUSER',to_timestamp_tz('05-JUN-25 03.41.44.180842000 AM GMT','DD-MON-RR HH.MI.SSXFF AM TZR'),2);
Insert into TODOUSER.DBTOOLS$EXECUTION_HISTORY (ID,CREATED_BY,CREATED_ON,UPDATED_BY,UPDATED_ON,TIMES) values (14,'TODOUSER',to_timestamp_tz('22-APR-25 07.24.38.321624000 PM GMT','DD-MON-RR HH.MI.SSXFF AM TZR'),'TODOUSER',to_timestamp_tz('10-JUN-25 06.58.35.681950000 PM GMT','DD-MON-RR HH.MI.SSXFF AM TZR'),18);
Insert into TODOUSER.DBTOOLS$EXECUTION_HISTORY (ID,CREATED_BY,CREATED_ON,UPDATED_BY,UPDATED_ON,TIMES) values (23,'TODOUSER',to_timestamp_tz('22-APR-25 10.35.12.653710000 PM GMT','DD-MON-RR HH.MI.SSXFF AM TZR'),'TODOUSER',to_timestamp_tz('05-JUN-25 03.39.47.693807000 AM GMT','DD-MON-RR HH.MI.SSXFF AM TZR'),15);
Insert into TODOUSER.DBTOOLS$EXECUTION_HISTORY (ID,CREATED_BY,CREATED_ON,UPDATED_BY,UPDATED_ON,TIMES) values (101,'TODOUSER',to_timestamp_tz('12-MAY-25 03.09.27.540664000 PM GMT','DD-MON-RR HH.MI.SSXFF AM TZR'),'TODOUSER',to_timestamp_tz('12-MAY-25 03.09.27.540664000 PM GMT','DD-MON-RR HH.MI.SSXFF AM TZR'),1);
Insert into TODOUSER.DBTOOLS$EXECUTION_HISTORY (ID,CREATED_BY,CREATED_ON,UPDATED_BY,UPDATED_ON,TIMES) values (105,'TODOUSER',to_timestamp_tz('12-MAY-25 03.48.25.535502000 PM GMT','DD-MON-RR HH.MI.SSXFF AM TZR'),'TODOUSER',to_timestamp_tz('12-MAY-25 03.48.25.535502000 PM GMT','DD-MON-RR HH.MI.SSXFF AM TZR'),1);
Insert into TODOUSER.DBTOOLS$EXECUTION_HISTORY (ID,CREATED_BY,CREATED_ON,UPDATED_BY,UPDATED_ON,TIMES) values (97,'TODOUSER',to_timestamp_tz('12-MAY-25 02.57.04.050467000 PM GMT','DD-MON-RR HH.MI.SSXFF AM TZR'),'TODOUSER',to_timestamp_tz('12-MAY-25 02.57.08.017220000 PM GMT','DD-MON-RR HH.MI.SSXFF AM TZR'),2);
Insert into TODOUSER.DBTOOLS$EXECUTION_HISTORY (ID,CREATED_BY,CREATED_ON,UPDATED_BY,UPDATED_ON,TIMES) values (108,'TODOUSER',to_timestamp_tz('12-MAY-25 03.50.47.259851000 PM GMT','DD-MON-RR HH.MI.SSXFF AM TZR'),'TODOUSER',to_timestamp_tz('12-MAY-25 03.50.47.259851000 PM GMT','DD-MON-RR HH.MI.SSXFF AM TZR'),1);
Insert into TODOUSER.DBTOOLS$EXECUTION_HISTORY (ID,CREATED_BY,CREATED_ON,UPDATED_BY,UPDATED_ON,TIMES) values (37,'TODOUSER',to_timestamp_tz('22-APR-25 10.59.42.179617000 PM GMT','DD-MON-RR HH.MI.SSXFF AM TZR'),'TODOUSER',to_timestamp_tz('22-APR-25 10.59.42.179617000 PM GMT','DD-MON-RR HH.MI.SSXFF AM TZR'),1);
Insert into TODOUSER.DBTOOLS$EXECUTION_HISTORY (ID,CREATED_BY,CREATED_ON,UPDATED_BY,UPDATED_ON,TIMES) values (38,'TODOUSER',to_timestamp_tz('22-APR-25 11.04.31.943053000 PM GMT','DD-MON-RR HH.MI.SSXFF AM TZR'),'TODOUSER',to_timestamp_tz('22-APR-25 11.04.31.943053000 PM GMT','DD-MON-RR HH.MI.SSXFF AM TZR'),1);
Insert into TODOUSER.DBTOOLS$EXECUTION_HISTORY (ID,CREATED_BY,CREATED_ON,UPDATED_BY,UPDATED_ON,TIMES) values (94,'TODOUSER',to_timestamp_tz('12-MAY-25 02.51.00.007923000 PM GMT','DD-MON-RR HH.MI.SSXFF AM TZR'),'TODOUSER',to_timestamp_tz('12-MAY-25 02.51.00.007923000 PM GMT','DD-MON-RR HH.MI.SSXFF AM TZR'),1);
Insert into TODOUSER.DBTOOLS$EXECUTION_HISTORY (ID,CREATED_BY,CREATED_ON,UPDATED_BY,UPDATED_ON,TIMES) values (2,'TODOUSER',to_timestamp_tz('22-APR-25 06.06.22.623853000 PM GMT','DD-MON-RR HH.MI.SSXFF AM TZR'),'TODOUSER',to_timestamp_tz('22-APR-25 06.06.22.623853000 PM GMT','DD-MON-RR HH.MI.SSXFF AM TZR'),1);
Insert into TODOUSER.DBTOOLS$EXECUTION_HISTORY (ID,CREATED_BY,CREATED_ON,UPDATED_BY,UPDATED_ON,TIMES) values (21,'TODOUSER',to_timestamp_tz('22-APR-25 10.15.57.393937000 PM GMT','DD-MON-RR HH.MI.SSXFF AM TZR'),'TODOUSER',to_timestamp_tz('22-APR-25 10.15.57.393937000 PM GMT','DD-MON-RR HH.MI.SSXFF AM TZR'),1);
Insert into TODOUSER.DBTOOLS$EXECUTION_HISTORY (ID,CREATED_BY,CREATED_ON,UPDATED_BY,UPDATED_ON,TIMES) values (25,'TODOUSER',to_timestamp_tz('22-APR-25 10.45.57.810951000 PM GMT','DD-MON-RR HH.MI.SSXFF AM TZR'),'TODOUSER',to_timestamp_tz('22-APR-25 10.45.57.810951000 PM GMT','DD-MON-RR HH.MI.SSXFF AM TZR'),1);
Insert into TODOUSER.DBTOOLS$EXECUTION_HISTORY (ID,CREATED_BY,CREATED_ON,UPDATED_BY,UPDATED_ON,TIMES) values (26,'TODOUSER',to_timestamp_tz('22-APR-25 10.45.57.889959000 PM GMT','DD-MON-RR HH.MI.SSXFF AM TZR'),'TODOUSER',to_timestamp_tz('22-APR-25 10.45.57.889959000 PM GMT','DD-MON-RR HH.MI.SSXFF AM TZR'),1);
Insert into TODOUSER.DBTOOLS$EXECUTION_HISTORY (ID,CREATED_BY,CREATED_ON,UPDATED_BY,UPDATED_ON,TIMES) values (39,'TODOUSER',to_timestamp_tz('22-APR-25 11.05.08.101440000 PM GMT','DD-MON-RR HH.MI.SSXFF AM TZR'),'TODOUSER',to_timestamp_tz('05-JUN-25 03.43.12.429847000 AM GMT','DD-MON-RR HH.MI.SSXFF AM TZR'),19);
Insert into TODOUSER.DBTOOLS$EXECUTION_HISTORY (ID,CREATED_BY,CREATED_ON,UPDATED_BY,UPDATED_ON,TIMES) values (88,'TODOUSER',to_timestamp_tz('12-MAY-25 02.49.51.523346000 PM GMT','DD-MON-RR HH.MI.SSXFF AM TZR'),'TODOUSER',to_timestamp_tz('12-MAY-25 02.49.51.523346000 PM GMT','DD-MON-RR HH.MI.SSXFF AM TZR'),1);
Insert into TODOUSER.DBTOOLS$EXECUTION_HISTORY (ID,CREATED_BY,CREATED_ON,UPDATED_BY,UPDATED_ON,TIMES) values (86,'TODOUSER',to_timestamp_tz('12-MAY-25 02.47.49.202645000 PM GMT','DD-MON-RR HH.MI.SSXFF AM TZR'),'TODOUSER',to_timestamp_tz('12-MAY-25 02.47.49.202645000 PM GMT','DD-MON-RR HH.MI.SSXFF AM TZR'),1);
Insert into TODOUSER.DBTOOLS$EXECUTION_HISTORY (ID,CREATED_BY,CREATED_ON,UPDATED_BY,UPDATED_ON,TIMES) values (98,'TODOUSER',to_timestamp_tz('12-MAY-25 02.58.50.413128000 PM GMT','DD-MON-RR HH.MI.SSXFF AM TZR'),'TODOUSER',to_timestamp_tz('12-MAY-25 02.58.50.413128000 PM GMT','DD-MON-RR HH.MI.SSXFF AM TZR'),1);
Insert into TODOUSER.DBTOOLS$EXECUTION_HISTORY (ID,CREATED_BY,CREATED_ON,UPDATED_BY,UPDATED_ON,TIMES) values (6,'TODOUSER',to_timestamp_tz('22-APR-25 06.18.23.190819000 PM GMT','DD-MON-RR HH.MI.SSXFF AM TZR'),'TODOUSER',to_timestamp_tz('10-JUN-25 06.45.42.696884000 PM GMT','DD-MON-RR HH.MI.SSXFF AM TZR'),7);
Insert into TODOUSER.DBTOOLS$EXECUTION_HISTORY (ID,CREATED_BY,CREATED_ON,UPDATED_BY,UPDATED_ON,TIMES) values (9,'TODOUSER',to_timestamp_tz('22-APR-25 06.23.48.880678000 PM GMT','DD-MON-RR HH.MI.SSXFF AM TZR'),'TODOUSER',to_timestamp_tz('22-APR-25 06.23.48.880678000 PM GMT','DD-MON-RR HH.MI.SSXFF AM TZR'),1);
Insert into TODOUSER.DBTOOLS$EXECUTION_HISTORY (ID,CREATED_BY,CREATED_ON,UPDATED_BY,UPDATED_ON,TIMES) values (11,'TODOUSER',to_timestamp_tz('22-APR-25 06.27.35.256612000 PM GMT','DD-MON-RR HH.MI.SSXFF AM TZR'),'TODOUSER',to_timestamp_tz('22-APR-25 06.27.35.256612000 PM GMT','DD-MON-RR HH.MI.SSXFF AM TZR'),1);
Insert into TODOUSER.DBTOOLS$EXECUTION_HISTORY (ID,CREATED_BY,CREATED_ON,UPDATED_BY,UPDATED_ON,TIMES) values (17,'TODOUSER',to_timestamp_tz('22-APR-25 10.07.41.581382000 PM GMT','DD-MON-RR HH.MI.SSXFF AM TZR'),'TODOUSER',to_timestamp_tz('22-APR-25 10.07.41.581382000 PM GMT','DD-MON-RR HH.MI.SSXFF AM TZR'),1);
Insert into TODOUSER.DBTOOLS$EXECUTION_HISTORY (ID,CREATED_BY,CREATED_ON,UPDATED_BY,UPDATED_ON,TIMES) values (19,'TODOUSER',to_timestamp_tz('22-APR-25 10.09.06.336757000 PM GMT','DD-MON-RR HH.MI.SSXFF AM TZR'),'TODOUSER',to_timestamp_tz('22-APR-25 10.09.06.336757000 PM GMT','DD-MON-RR HH.MI.SSXFF AM TZR'),1);
Insert into TODOUSER.DBTOOLS$EXECUTION_HISTORY (ID,CREATED_BY,CREATED_ON,UPDATED_BY,UPDATED_ON,TIMES) values (123,'TODOUSER',to_timestamp_tz('05-JUN-25 03.52.26.061498000 AM GMT','DD-MON-RR HH.MI.SSXFF AM TZR'),'TODOUSER',to_timestamp_tz('05-JUN-25 03.52.26.061498000 AM GMT','DD-MON-RR HH.MI.SSXFF AM TZR'),1);
Insert into TODOUSER.DBTOOLS$EXECUTION_HISTORY (ID,CREATED_BY,CREATED_ON,UPDATED_BY,UPDATED_ON,TIMES) values (24,'TODOUSER',to_timestamp_tz('22-APR-25 10.43.04.632492000 PM GMT','DD-MON-RR HH.MI.SSXFF AM TZR'),'TODOUSER',to_timestamp_tz('22-APR-25 10.43.04.632492000 PM GMT','DD-MON-RR HH.MI.SSXFF AM TZR'),1);
Insert into TODOUSER.DBTOOLS$EXECUTION_HISTORY (ID,CREATED_BY,CREATED_ON,UPDATED_BY,UPDATED_ON,TIMES) values (34,'TODOUSER',to_timestamp_tz('22-APR-25 10.53.11.836351000 PM GMT','DD-MON-RR HH.MI.SSXFF AM TZR'),'TODOUSER',to_timestamp_tz('22-APR-25 10.53.11.836351000 PM GMT','DD-MON-RR HH.MI.SSXFF AM TZR'),1);
Insert into TODOUSER.DBTOOLS$EXECUTION_HISTORY (ID,CREATED_BY,CREATED_ON,UPDATED_BY,UPDATED_ON,TIMES) values (36,'TODOUSER',to_timestamp_tz('22-APR-25 10.53.11.855144000 PM GMT','DD-MON-RR HH.MI.SSXFF AM TZR'),'TODOUSER',to_timestamp_tz('22-APR-25 10.53.11.855144000 PM GMT','DD-MON-RR HH.MI.SSXFF AM TZR'),1);
Insert into TODOUSER.DBTOOLS$EXECUTION_HISTORY (ID,CREATED_BY,CREATED_ON,UPDATED_BY,UPDATED_ON,TIMES) values (90,'TODOUSER',to_timestamp_tz('12-MAY-25 02.50.17.015406000 PM GMT','DD-MON-RR HH.MI.SSXFF AM TZR'),'TODOUSER',to_timestamp_tz('12-MAY-25 03.08.51.053375000 PM GMT','DD-MON-RR HH.MI.SSXFF AM TZR'),2);
Insert into TODOUSER.DBTOOLS$EXECUTION_HISTORY (ID,CREATED_BY,CREATED_ON,UPDATED_BY,UPDATED_ON,TIMES) values (92,'TODOUSER',to_timestamp_tz('12-MAY-25 02.50.38.940270000 PM GMT','DD-MON-RR HH.MI.SSXFF AM TZR'),'TODOUSER',to_timestamp_tz('12-MAY-25 03.09.08.969131000 PM GMT','DD-MON-RR HH.MI.SSXFF AM TZR'),2);
Insert into TODOUSER.DBTOOLS$EXECUTION_HISTORY (ID,CREATED_BY,CREATED_ON,UPDATED_BY,UPDATED_ON,TIMES) values (93,'TODOUSER',to_timestamp_tz('12-MAY-25 02.50.49.439408000 PM GMT','DD-MON-RR HH.MI.SSXFF AM TZR'),'TODOUSER',to_timestamp_tz('12-MAY-25 03.09.19.313231000 PM GMT','DD-MON-RR HH.MI.SSXFF AM TZR'),2);
Insert into TODOUSER.DBTOOLS$EXECUTION_HISTORY (ID,CREATED_BY,CREATED_ON,UPDATED_BY,UPDATED_ON,TIMES) values (96,'TODOUSER',to_timestamp_tz('12-MAY-25 02.55.12.998920000 PM GMT','DD-MON-RR HH.MI.SSXFF AM TZR'),'TODOUSER',to_timestamp_tz('12-MAY-25 02.55.12.998920000 PM GMT','DD-MON-RR HH.MI.SSXFF AM TZR'),1);
Insert into TODOUSER.DBTOOLS$EXECUTION_HISTORY (ID,CREATED_BY,CREATED_ON,UPDATED_BY,UPDATED_ON,TIMES) values (99,'TODOUSER',to_timestamp_tz('12-MAY-25 03.08.30.448916000 PM GMT','DD-MON-RR HH.MI.SSXFF AM TZR'),'TODOUSER',to_timestamp_tz('12-MAY-25 03.08.30.448916000 PM GMT','DD-MON-RR HH.MI.SSXFF AM TZR'),1);
Insert into TODOUSER.DBTOOLS$EXECUTION_HISTORY (ID,CREATED_BY,CREATED_ON,UPDATED_BY,UPDATED_ON,TIMES) values (5,'TODOUSER',to_timestamp_tz('22-APR-25 06.18.23.114248000 PM GMT','DD-MON-RR HH.MI.SSXFF AM TZR'),'TODOUSER',to_timestamp_tz('22-APR-25 06.18.23.114248000 PM GMT','DD-MON-RR HH.MI.SSXFF AM TZR'),1);
Insert into TODOUSER.DBTOOLS$EXECUTION_HISTORY (ID,CREATED_BY,CREATED_ON,UPDATED_BY,UPDATED_ON,TIMES) values (18,'TODOUSER',to_timestamp_tz('22-APR-25 10.08.40.805179000 PM GMT','DD-MON-RR HH.MI.SSXFF AM TZR'),'TODOUSER',to_timestamp_tz('22-APR-25 10.08.40.805179000 PM GMT','DD-MON-RR HH.MI.SSXFF AM TZR'),1);
Insert into TODOUSER.DBTOOLS$EXECUTION_HISTORY (ID,CREATED_BY,CREATED_ON,UPDATED_BY,UPDATED_ON,TIMES) values (20,'TODOUSER',to_timestamp_tz('22-APR-25 10.09.52.775676000 PM GMT','DD-MON-RR HH.MI.SSXFF AM TZR'),'TODOUSER',to_timestamp_tz('10-JUN-25 06.49.53.401948000 PM GMT','DD-MON-RR HH.MI.SSXFF AM TZR'),17);
Insert into TODOUSER.DBTOOLS$EXECUTION_HISTORY (ID,CREATED_BY,CREATED_ON,UPDATED_BY,UPDATED_ON,TIMES) values (22,'TODOUSER',to_timestamp_tz('22-APR-25 10.34.33.493057000 PM GMT','DD-MON-RR HH.MI.SSXFF AM TZR'),'TODOUSER',to_timestamp_tz('22-APR-25 10.34.33.493057000 PM GMT','DD-MON-RR HH.MI.SSXFF AM TZR'),1);
Insert into TODOUSER.DBTOOLS$EXECUTION_HISTORY (ID,CREATED_BY,CREATED_ON,UPDATED_BY,UPDATED_ON,TIMES) values (27,'TODOUSER',to_timestamp_tz('22-APR-25 10.45.57.949944000 PM GMT','DD-MON-RR HH.MI.SSXFF AM TZR'),'TODOUSER',to_timestamp_tz('22-APR-25 10.45.57.949944000 PM GMT','DD-MON-RR HH.MI.SSXFF AM TZR'),1);
Insert into TODOUSER.DBTOOLS$EXECUTION_HISTORY (ID,CREATED_BY,CREATED_ON,UPDATED_BY,UPDATED_ON,TIMES) values (28,'TODOUSER',to_timestamp_tz('22-APR-25 10.45.57.962531000 PM GMT','DD-MON-RR HH.MI.SSXFF AM TZR'),'TODOUSER',to_timestamp_tz('22-APR-25 10.45.57.962531000 PM GMT','DD-MON-RR HH.MI.SSXFF AM TZR'),1);
Insert into TODOUSER.DBTOOLS$EXECUTION_HISTORY (ID,CREATED_BY,CREATED_ON,UPDATED_BY,UPDATED_ON,TIMES) values (29,'TODOUSER',to_timestamp_tz('22-APR-25 10.48.30.634540000 PM GMT','DD-MON-RR HH.MI.SSXFF AM TZR'),'TODOUSER',to_timestamp_tz('22-APR-25 10.53.19.676764000 PM GMT','DD-MON-RR HH.MI.SSXFF AM TZR'),2);
Insert into TODOUSER.DBTOOLS$EXECUTION_HISTORY (ID,CREATED_BY,CREATED_ON,UPDATED_BY,UPDATED_ON,TIMES) values (30,'TODOUSER',to_timestamp_tz('22-APR-25 10.53.11.694903000 PM GMT','DD-MON-RR HH.MI.SSXFF AM TZR'),'TODOUSER',to_timestamp_tz('22-APR-25 10.53.11.694903000 PM GMT','DD-MON-RR HH.MI.SSXFF AM TZR'),1);
Insert into TODOUSER.DBTOOLS$EXECUTION_HISTORY (ID,CREATED_BY,CREATED_ON,UPDATED_BY,UPDATED_ON,TIMES) values (31,'TODOUSER',to_timestamp_tz('22-APR-25 10.53.11.779898000 PM GMT','DD-MON-RR HH.MI.SSXFF AM TZR'),'TODOUSER',to_timestamp_tz('22-APR-25 10.53.11.779898000 PM GMT','DD-MON-RR HH.MI.SSXFF AM TZR'),1);
Insert into TODOUSER.DBTOOLS$EXECUTION_HISTORY (ID,CREATED_BY,CREATED_ON,UPDATED_BY,UPDATED_ON,TIMES) values (32,'TODOUSER',to_timestamp_tz('22-APR-25 10.53.11.790632000 PM GMT','DD-MON-RR HH.MI.SSXFF AM TZR'),'TODOUSER',to_timestamp_tz('22-APR-25 10.53.11.790632000 PM GMT','DD-MON-RR HH.MI.SSXFF AM TZR'),1);
Insert into TODOUSER.DBTOOLS$EXECUTION_HISTORY (ID,CREATED_BY,CREATED_ON,UPDATED_BY,UPDATED_ON,TIMES) values (33,'TODOUSER',to_timestamp_tz('22-APR-25 10.53.11.795612000 PM GMT','DD-MON-RR HH.MI.SSXFF AM TZR'),'TODOUSER',to_timestamp_tz('22-APR-25 10.53.11.795612000 PM GMT','DD-MON-RR HH.MI.SSXFF AM TZR'),1);
Insert into TODOUSER.DBTOOLS$EXECUTION_HISTORY (ID,CREATED_BY,CREATED_ON,UPDATED_BY,UPDATED_ON,TIMES) values (35,'TODOUSER',to_timestamp_tz('22-APR-25 10.53.11.853334000 PM GMT','DD-MON-RR HH.MI.SSXFF AM TZR'),'TODOUSER',to_timestamp_tz('22-APR-25 10.53.11.853334000 PM GMT','DD-MON-RR HH.MI.SSXFF AM TZR'),1);
Insert into TODOUSER.DBTOOLS$EXECUTION_HISTORY (ID,CREATED_BY,CREATED_ON,UPDATED_BY,UPDATED_ON,TIMES) values (104,'TODOUSER',to_timestamp_tz('12-MAY-25 03.48.25.493230000 PM GMT','DD-MON-RR HH.MI.SSXFF AM TZR'),'TODOUSER',to_timestamp_tz('12-MAY-25 03.48.25.493230000 PM GMT','DD-MON-RR HH.MI.SSXFF AM TZR'),1);
Insert into TODOUSER.DBTOOLS$EXECUTION_HISTORY (ID,CREATED_BY,CREATED_ON,UPDATED_BY,UPDATED_ON,TIMES) values (62,'TODOUSER',to_timestamp_tz('24-APR-25 08.27.02.536896000 PM GMT','DD-MON-RR HH.MI.SSXFF AM TZR'),'TODOUSER',to_timestamp_tz('05-JUN-25 03.38.09.930234000 AM GMT','DD-MON-RR HH.MI.SSXFF AM TZR'),3);
Insert into TODOUSER.DBTOOLS$EXECUTION_HISTORY (ID,CREATED_BY,CREATED_ON,UPDATED_BY,UPDATED_ON,TIMES) values (103,'TODOUSER',to_timestamp_tz('12-MAY-25 03.48.14.344686000 PM GMT','DD-MON-RR HH.MI.SSXFF AM TZR'),'TODOUSER',to_timestamp_tz('10-JUN-25 06.45.34.706054000 PM GMT','DD-MON-RR HH.MI.SSXFF AM TZR'),3);
Insert into TODOUSER.DBTOOLS$EXECUTION_HISTORY (ID,CREATED_BY,CREATED_ON,UPDATED_BY,UPDATED_ON,TIMES) values (82,'TODOUSER',to_timestamp_tz('12-MAY-25 02.33.35.689869000 PM GMT','DD-MON-RR HH.MI.SSXFF AM TZR'),'TODOUSER',to_timestamp_tz('12-MAY-25 02.33.35.689869000 PM GMT','DD-MON-RR HH.MI.SSXFF AM TZR'),1);
Insert into TODOUSER.DBTOOLS$EXECUTION_HISTORY (ID,CREATED_BY,CREATED_ON,UPDATED_BY,UPDATED_ON,TIMES) values (87,'TODOUSER',to_timestamp_tz('12-MAY-25 02.49.40.155457000 PM GMT','DD-MON-RR HH.MI.SSXFF AM TZR'),'TODOUSER',to_timestamp_tz('12-MAY-25 03.08.19.361470000 PM GMT','DD-MON-RR HH.MI.SSXFF AM TZR'),2);
Insert into TODOUSER.DBTOOLS$EXECUTION_HISTORY (ID,CREATED_BY,CREATED_ON,UPDATED_BY,UPDATED_ON,TIMES) values (89,'TODOUSER',to_timestamp_tz('12-MAY-25 02.50.03.284049000 PM GMT','DD-MON-RR HH.MI.SSXFF AM TZR'),'TODOUSER',to_timestamp_tz('12-MAY-25 03.08.41.463400000 PM GMT','DD-MON-RR HH.MI.SSXFF AM TZR'),2);
Insert into TODOUSER.DBTOOLS$EXECUTION_HISTORY (ID,CREATED_BY,CREATED_ON,UPDATED_BY,UPDATED_ON,TIMES) values (95,'TODOUSER',to_timestamp_tz('12-MAY-25 02.51.12.792218000 PM GMT','DD-MON-RR HH.MI.SSXFF AM TZR'),'TODOUSER',to_timestamp_tz('12-MAY-25 03.09.40.728374000 PM GMT','DD-MON-RR HH.MI.SSXFF AM TZR'),2);
Insert into TODOUSER.DBTOOLS$EXECUTION_HISTORY (ID,CREATED_BY,CREATED_ON,UPDATED_BY,UPDATED_ON,TIMES) values (106,'TODOUSER',to_timestamp_tz('12-MAY-25 03.49.05.513779000 PM GMT','DD-MON-RR HH.MI.SSXFF AM TZR'),'TODOUSER',to_timestamp_tz('12-MAY-25 03.49.05.513779000 PM GMT','DD-MON-RR HH.MI.SSXFF AM TZR'),1);
Insert into TODOUSER.DBTOOLS$EXECUTION_HISTORY (ID,CREATED_BY,CREATED_ON,UPDATED_BY,UPDATED_ON,TIMES) values (107,'TODOUSER',to_timestamp_tz('12-MAY-25 03.50.34.464295000 PM GMT','DD-MON-RR HH.MI.SSXFF AM TZR'),'TODOUSER',to_timestamp_tz('12-MAY-25 03.50.34.464295000 PM GMT','DD-MON-RR HH.MI.SSXFF AM TZR'),1);
Insert into TODOUSER.DBTOOLS$EXECUTION_HISTORY (ID,CREATED_BY,CREATED_ON,UPDATED_BY,UPDATED_ON,TIMES) values (109,'TODOUSER',to_timestamp_tz('12-MAY-25 03.51.02.108924000 PM GMT','DD-MON-RR HH.MI.SSXFF AM TZR'),'TODOUSER',to_timestamp_tz('12-MAY-25 03.51.02.108924000 PM GMT','DD-MON-RR HH.MI.SSXFF AM TZR'),1);
Insert into TODOUSER.DBTOOLS$EXECUTION_HISTORY (ID,CREATED_BY,CREATED_ON,UPDATED_BY,UPDATED_ON,TIMES) values (110,'TODOUSER',to_timestamp_tz('12-MAY-25 03.51.14.718702000 PM GMT','DD-MON-RR HH.MI.SSXFF AM TZR'),'TODOUSER',to_timestamp_tz('12-MAY-25 03.51.14.718702000 PM GMT','DD-MON-RR HH.MI.SSXFF AM TZR'),1);
Insert into TODOUSER.DBTOOLS$EXECUTION_HISTORY (ID,CREATED_BY,CREATED_ON,UPDATED_BY,UPDATED_ON,TIMES) values (111,'TODOUSER',to_timestamp_tz('12-MAY-25 03.51.28.882883000 PM GMT','DD-MON-RR HH.MI.SSXFF AM TZR'),'TODOUSER',to_timestamp_tz('12-MAY-25 03.51.28.882883000 PM GMT','DD-MON-RR HH.MI.SSXFF AM TZR'),1);
Insert into TODOUSER.DBTOOLS$EXECUTION_HISTORY (ID,CREATED_BY,CREATED_ON,UPDATED_BY,UPDATED_ON,TIMES) values (122,'TODOUSER',to_timestamp_tz('05-JUN-25 03.48.55.229460000 AM GMT','DD-MON-RR HH.MI.SSXFF AM TZR'),'TODOUSER',to_timestamp_tz('05-JUN-25 03.48.55.229460000 AM GMT','DD-MON-RR HH.MI.SSXFF AM TZR'),1);
Insert into TODOUSER.DBTOOLS$EXECUTION_HISTORY (ID,CREATED_BY,CREATED_ON,UPDATED_BY,UPDATED_ON,TIMES) values (148,'TODOUSER',to_timestamp_tz('10-JUN-25 06.58.23.517394000 PM GMT','DD-MON-RR HH.MI.SSXFF AM TZR'),'TODOUSER',to_timestamp_tz('10-JUN-25 06.58.23.517394000 PM GMT','DD-MON-RR HH.MI.SSXFF AM TZR'),1);
Insert into TODOUSER.DBTOOLS$EXECUTION_HISTORY (ID,CREATED_BY,CREATED_ON,UPDATED_BY,UPDATED_ON,TIMES) values (100,'TODOUSER',to_timestamp_tz('12-MAY-25 03.08.59.360728000 PM GMT','DD-MON-RR HH.MI.SSXFF AM TZR'),'TODOUSER',to_timestamp_tz('12-MAY-25 03.08.59.360728000 PM GMT','DD-MON-RR HH.MI.SSXFF AM TZR'),1);
Insert into TODOUSER.DBTOOLS$EXECUTION_HISTORY (ID,CREATED_BY,CREATED_ON,UPDATED_BY,UPDATED_ON,TIMES) values (83,'TODOUSER',to_timestamp_tz('12-MAY-25 02.34.11.093478000 PM GMT','DD-MON-RR HH.MI.SSXFF AM TZR'),'TODOUSER',to_timestamp_tz('12-MAY-25 02.34.11.093478000 PM GMT','DD-MON-RR HH.MI.SSXFF AM TZR'),1);
Insert into TODOUSER.DBTOOLS$EXECUTION_HISTORY (ID,CREATED_BY,CREATED_ON,UPDATED_BY,UPDATED_ON,TIMES) values (84,'TODOUSER',to_timestamp_tz('12-MAY-25 02.39.31.015331000 PM GMT','DD-MON-RR HH.MI.SSXFF AM TZR'),'TODOUSER',to_timestamp_tz('12-MAY-25 02.39.39.822846000 PM GMT','DD-MON-RR HH.MI.SSXFF AM TZR'),2);
Insert into TODOUSER.DBTOOLS$EXECUTION_HISTORY (ID,CREATED_BY,CREATED_ON,UPDATED_BY,UPDATED_ON,TIMES) values (113,'TODOUSER',to_timestamp_tz('12-MAY-25 03.56.53.562546000 PM GMT','DD-MON-RR HH.MI.SSXFF AM TZR'),'TODOUSER',to_timestamp_tz('12-MAY-25 03.56.53.562546000 PM GMT','DD-MON-RR HH.MI.SSXFF AM TZR'),1);
Insert into TODOUSER.DBTOOLS$EXECUTION_HISTORY (ID,CREATED_BY,CREATED_ON,UPDATED_BY,UPDATED_ON,TIMES) values (145,'TODOUSER',to_timestamp_tz('10-JUN-25 06.43.41.980884000 PM GMT','DD-MON-RR HH.MI.SSXFF AM TZR'),'TODOUSER',to_timestamp_tz('10-JUN-25 06.43.41.980884000 PM GMT','DD-MON-RR HH.MI.SSXFF AM TZR'),1);
Insert into TODOUSER.DBTOOLS$EXECUTION_HISTORY (ID,CREATED_BY,CREATED_ON,UPDATED_BY,UPDATED_ON,TIMES) values (146,'TODOUSER',to_timestamp_tz('10-JUN-25 06.46.27.729336000 PM GMT','DD-MON-RR HH.MI.SSXFF AM TZR'),'TODOUSER',to_timestamp_tz('10-JUN-25 06.46.27.729336000 PM GMT','DD-MON-RR HH.MI.SSXFF AM TZR'),1);
Insert into TODOUSER.DBTOOLS$EXECUTION_HISTORY (ID,CREATED_BY,CREATED_ON,UPDATED_BY,UPDATED_ON,TIMES) values (41,'TODOUSER',to_timestamp_tz('23-APR-25 03.27.45.455807000 AM GMT','DD-MON-RR HH.MI.SSXFF AM TZR'),'TODOUSER',to_timestamp_tz('23-APR-25 03.27.45.455807000 AM GMT','DD-MON-RR HH.MI.SSXFF AM TZR'),1);
Insert into TODOUSER.DBTOOLS$EXECUTION_HISTORY (ID,CREATED_BY,CREATED_ON,UPDATED_BY,UPDATED_ON,TIMES) values (91,'TODOUSER',to_timestamp_tz('12-MAY-25 02.50.26.381487000 PM GMT','DD-MON-RR HH.MI.SSXFF AM TZR'),'TODOUSER',to_timestamp_tz('12-MAY-25 02.50.26.381487000 PM GMT','DD-MON-RR HH.MI.SSXFF AM TZR'),1);
Insert into TODOUSER.DBTOOLS$EXECUTION_HISTORY (ID,CREATED_BY,CREATED_ON,UPDATED_BY,UPDATED_ON,TIMES) values (116,'TODOUSER',to_timestamp_tz('14-MAY-25 01.01.23.424572000 AM GMT','DD-MON-RR HH.MI.SSXFF AM TZR'),'TODOUSER',to_timestamp_tz('14-MAY-25 01.01.23.424572000 AM GMT','DD-MON-RR HH.MI.SSXFF AM TZR'),1);
REM INSERTING into TODOUSER.DEVELOPERS
SET DEFINE OFF;
Insert into TODOUSER.DEVELOPERS (ID,NAME,PHONE_NUMBER,EMAIL,PASSWORD_HASH,ROLE) values (4,'Sergio Eduardo Gutiérrez Torres','+524433859156','a01068505@tec.mx','4d4f26369171994f3a46776ee2d88494fb9955800a5bb6261c016c4bb9f30b56','projectmanager');
Insert into TODOUSER.DEVELOPERS (ID,NAME,PHONE_NUMBER,EMAIL,PASSWORD_HASH,ROLE) values (6,'Monica Escobedo Cota','+523334614250','a01642647@tec.mx','5e884898da28047151d0e56f8dc6292773603d0d6aabbdd62a11ef721d1542d8','developer');
Insert into TODOUSER.DEVELOPERS (ID,NAME,PHONE_NUMBER,EMAIL,PASSWORD_HASH,ROLE) values (1,'Emiliano Neaves Ortiz','+526142864991','a01568982@tec.mx','66590f8e3ca12526698c2f9b9daf585380f5b92c1320962fd134ba8270ab410e','developer');
Insert into TODOUSER.DEVELOPERS (ID,NAME,PHONE_NUMBER,EMAIL,PASSWORD_HASH,ROLE) values (5,'Sebastian Cervera Maltos','+524436930710','a01068436@tec.mx','6052bee76d5ac4d99b3daa85ff1a8395815f9892de9c759e1c3ec11ba4a83037','developer');
Insert into TODOUSER.DEVELOPERS (ID,NAME,PHONE_NUMBER,EMAIL,PASSWORD_HASH,ROLE) values (2,'Ana Karen Valencia Villaseñor ','+524432021308','a01067716@tec.mx','e02b02b2634dca59e874d01dac7f1769d50a8154e61e117ef8e2f3b2c40f511f','developer');
Insert into TODOUSER.DEVELOPERS (ID,NAME,PHONE_NUMBER,EMAIL,PASSWORD_HASH,ROLE) values (3,' Daniela Rocha Muñoz ','+524771303714','a00573664@tec.mx','f30107deb5de5a5695f0d7cc626a76d19d50ae223ab012a475e4b38553fb7d67','developer');
Insert into TODOUSER.DEVELOPERS (ID,NAME,PHONE_NUMBER,EMAIL,PASSWORD_HASH,ROLE) values (21,'Lorena Gomez','+525555555555','lgomez@tec.mx','987c235300ef3c7f063615fc613dac9a10aeaaf9ba96549e8a725770dcce51f1','projectmanager');
Insert into TODOUSER.DEVELOPERS (ID,NAME,PHONE_NUMBER,EMAIL,PASSWORD_HASH,ROLE) values (22,'Oswaldo Rojas','+525555555555','oswaldo.rojas@oracle.com','c0c6804d3096148f93bce213f54b7578c208d3a439c3dcb670582b8c5f0ab8b8','projectmanager');
REM INSERTING into TODOUSER.DEVELOPER_SPRINT_STATS
SET DEFINE OFF;
Insert into TODOUSER.DEVELOPER_SPRINT_STATS (DEVELOPER_ID,SPRINT_ID,TOTAL_ASSIGNED_COUNT,TOTAL_COMPLETED_COUNT,SUM_ESTIMATED_HOURS,SUM_ACTUAL_HOURS,LAST_UPDATED_TS) values (6,5,3,3,9,8.5,to_timestamp('11-JUN-25 06.05.37.828019000 PM','DD-MON-RR HH.MI.SSXFF AM'));
Insert into TODOUSER.DEVELOPER_SPRINT_STATS (DEVELOPER_ID,SPRINT_ID,TOTAL_ASSIGNED_COUNT,TOTAL_COMPLETED_COUNT,SUM_ESTIMATED_HOURS,SUM_ACTUAL_HOURS,LAST_UPDATED_TS) values (5,2,3,3,7,5,to_timestamp('11-JUN-25 05.52.47.279522000 AM','DD-MON-RR HH.MI.SSXFF AM'));
Insert into TODOUSER.DEVELOPER_SPRINT_STATS (DEVELOPER_ID,SPRINT_ID,TOTAL_ASSIGNED_COUNT,TOTAL_COMPLETED_COUNT,SUM_ESTIMATED_HOURS,SUM_ACTUAL_HOURS,LAST_UPDATED_TS) values (4,3,2,2,3.5,4,to_timestamp('11-JUN-25 05.59.13.917845000 AM','DD-MON-RR HH.MI.SSXFF AM'));
Insert into TODOUSER.DEVELOPER_SPRINT_STATS (DEVELOPER_ID,SPRINT_ID,TOTAL_ASSIGNED_COUNT,TOTAL_COMPLETED_COUNT,SUM_ESTIMATED_HOURS,SUM_ACTUAL_HOURS,LAST_UPDATED_TS) values (3,3,3,3,5.5,4.5,to_timestamp('14-MAY-25 10.03.27.258323000 PM','DD-MON-RR HH.MI.SSXFF AM'));
Insert into TODOUSER.DEVELOPER_SPRINT_STATS (DEVELOPER_ID,SPRINT_ID,TOTAL_ASSIGNED_COUNT,TOTAL_COMPLETED_COUNT,SUM_ESTIMATED_HOURS,SUM_ACTUAL_HOURS,LAST_UPDATED_TS) values (3,5,2,2,6.5,6,to_timestamp('11-JUN-25 06.17.44.179779000 AM','DD-MON-RR HH.MI.SSXFF AM'));
Insert into TODOUSER.DEVELOPER_SPRINT_STATS (DEVELOPER_ID,SPRINT_ID,TOTAL_ASSIGNED_COUNT,TOTAL_COMPLETED_COUNT,SUM_ESTIMATED_HOURS,SUM_ACTUAL_HOURS,LAST_UPDATED_TS) values (3,1,4,4,5,4,to_timestamp('11-JUN-25 04.56.06.571724000 AM','DD-MON-RR HH.MI.SSXFF AM'));
Insert into TODOUSER.DEVELOPER_SPRINT_STATS (DEVELOPER_ID,SPRINT_ID,TOTAL_ASSIGNED_COUNT,TOTAL_COMPLETED_COUNT,SUM_ESTIMATED_HOURS,SUM_ACTUAL_HOURS,LAST_UPDATED_TS) values (4,1,4,4,6,5,to_timestamp('11-JUN-25 04.55.27.034054000 AM','DD-MON-RR HH.MI.SSXFF AM'));
Insert into TODOUSER.DEVELOPER_SPRINT_STATS (DEVELOPER_ID,SPRINT_ID,TOTAL_ASSIGNED_COUNT,TOTAL_COMPLETED_COUNT,SUM_ESTIMATED_HOURS,SUM_ACTUAL_HOURS,LAST_UPDATED_TS) values (3,2,2,2,3.5,3,to_timestamp('11-JUN-25 05.46.26.181106000 AM','DD-MON-RR HH.MI.SSXFF AM'));
Insert into TODOUSER.DEVELOPER_SPRINT_STATS (DEVELOPER_ID,SPRINT_ID,TOTAL_ASSIGNED_COUNT,TOTAL_COMPLETED_COUNT,SUM_ESTIMATED_HOURS,SUM_ACTUAL_HOURS,LAST_UPDATED_TS) values (2,2,3,3,7.5,5,to_timestamp('11-JUN-25 05.52.31.388964000 AM','DD-MON-RR HH.MI.SSXFF AM'));
Insert into TODOUSER.DEVELOPER_SPRINT_STATS (DEVELOPER_ID,SPRINT_ID,TOTAL_ASSIGNED_COUNT,TOTAL_COMPLETED_COUNT,SUM_ESTIMATED_HOURS,SUM_ACTUAL_HOURS,LAST_UPDATED_TS) values (4,2,3,3,7,5.5,to_timestamp('11-JUN-25 05.52.53.509012000 AM','DD-MON-RR HH.MI.SSXFF AM'));
Insert into TODOUSER.DEVELOPER_SPRINT_STATS (DEVELOPER_ID,SPRINT_ID,TOTAL_ASSIGNED_COUNT,TOTAL_COMPLETED_COUNT,SUM_ESTIMATED_HOURS,SUM_ACTUAL_HOURS,LAST_UPDATED_TS) values (1,3,3,3,7,5,to_timestamp('11-JUN-25 05.58.26.231747000 AM','DD-MON-RR HH.MI.SSXFF AM'));
Insert into TODOUSER.DEVELOPER_SPRINT_STATS (DEVELOPER_ID,SPRINT_ID,TOTAL_ASSIGNED_COUNT,TOTAL_COMPLETED_COUNT,SUM_ESTIMATED_HOURS,SUM_ACTUAL_HOURS,LAST_UPDATED_TS) values (2,4,2,2,7,8,to_timestamp('11-JUN-25 06.04.06.034859000 AM','DD-MON-RR HH.MI.SSXFF AM'));
Insert into TODOUSER.DEVELOPER_SPRINT_STATS (DEVELOPER_ID,SPRINT_ID,TOTAL_ASSIGNED_COUNT,TOTAL_COMPLETED_COUNT,SUM_ESTIMATED_HOURS,SUM_ACTUAL_HOURS,LAST_UPDATED_TS) values (4,5,2,2,7,4,to_timestamp('11-JUN-25 06.03.11.295968000 PM','DD-MON-RR HH.MI.SSXFF AM'));
Insert into TODOUSER.DEVELOPER_SPRINT_STATS (DEVELOPER_ID,SPRINT_ID,TOTAL_ASSIGNED_COUNT,TOTAL_COMPLETED_COUNT,SUM_ESTIMATED_HOURS,SUM_ACTUAL_HOURS,LAST_UPDATED_TS) values (5,5,2,2,8,6,to_timestamp('11-JUN-25 06.17.53.976825000 AM','DD-MON-RR HH.MI.SSXFF AM'));
Insert into TODOUSER.DEVELOPER_SPRINT_STATS (DEVELOPER_ID,SPRINT_ID,TOTAL_ASSIGNED_COUNT,TOTAL_COMPLETED_COUNT,SUM_ESTIMATED_HOURS,SUM_ACTUAL_HOURS,LAST_UPDATED_TS) values (6,3,2,2,3.5,3,to_timestamp('11-JUN-25 05.57.14.087863000 AM','DD-MON-RR HH.MI.SSXFF AM'));
Insert into TODOUSER.DEVELOPER_SPRINT_STATS (DEVELOPER_ID,SPRINT_ID,TOTAL_ASSIGNED_COUNT,TOTAL_COMPLETED_COUNT,SUM_ESTIMATED_HOURS,SUM_ACTUAL_HOURS,LAST_UPDATED_TS) values (1,4,3,3,7.5,8,to_timestamp('11-JUN-25 06.05.06.759330000 AM','DD-MON-RR HH.MI.SSXFF AM'));
Insert into TODOUSER.DEVELOPER_SPRINT_STATS (DEVELOPER_ID,SPRINT_ID,TOTAL_ASSIGNED_COUNT,TOTAL_COMPLETED_COUNT,SUM_ESTIMATED_HOURS,SUM_ACTUAL_HOURS,LAST_UPDATED_TS) values (5,4,2,2,8,7,to_timestamp('11-JUN-25 06.06.01.553006000 AM','DD-MON-RR HH.MI.SSXFF AM'));
Insert into TODOUSER.DEVELOPER_SPRINT_STATS (DEVELOPER_ID,SPRINT_ID,TOTAL_ASSIGNED_COUNT,TOTAL_COMPLETED_COUNT,SUM_ESTIMATED_HOURS,SUM_ACTUAL_HOURS,LAST_UPDATED_TS) values (5,1,2,2,2.5,2,to_timestamp('11-JUN-25 04.57.11.451340000 AM','DD-MON-RR HH.MI.SSXFF AM'));
Insert into TODOUSER.DEVELOPER_SPRINT_STATS (DEVELOPER_ID,SPRINT_ID,TOTAL_ASSIGNED_COUNT,TOTAL_COMPLETED_COUNT,SUM_ESTIMATED_HOURS,SUM_ACTUAL_HOURS,LAST_UPDATED_TS) values (6,1,2,2,3.5,2,to_timestamp('11-JUN-25 04.57.44.000501000 AM','DD-MON-RR HH.MI.SSXFF AM'));
Insert into TODOUSER.DEVELOPER_SPRINT_STATS (DEVELOPER_ID,SPRINT_ID,TOTAL_ASSIGNED_COUNT,TOTAL_COMPLETED_COUNT,SUM_ESTIMATED_HOURS,SUM_ACTUAL_HOURS,LAST_UPDATED_TS) values (6,2,3,3,7,6,to_timestamp('11-JUN-25 05.48.02.057478000 AM','DD-MON-RR HH.MI.SSXFF AM'));
Insert into TODOUSER.DEVELOPER_SPRINT_STATS (DEVELOPER_ID,SPRINT_ID,TOTAL_ASSIGNED_COUNT,TOTAL_COMPLETED_COUNT,SUM_ESTIMATED_HOURS,SUM_ACTUAL_HOURS,LAST_UPDATED_TS) values (2,1,4,4,5,4.5,to_timestamp('11-JUN-25 04.57.51.943080000 AM','DD-MON-RR HH.MI.SSXFF AM'));
Insert into TODOUSER.DEVELOPER_SPRINT_STATS (DEVELOPER_ID,SPRINT_ID,TOTAL_ASSIGNED_COUNT,TOTAL_COMPLETED_COUNT,SUM_ESTIMATED_HOURS,SUM_ACTUAL_HOURS,LAST_UPDATED_TS) values (2,5,2,2,4.5,6,to_timestamp('11-JUN-25 06.16.35.338902000 AM','DD-MON-RR HH.MI.SSXFF AM'));
Insert into TODOUSER.DEVELOPER_SPRINT_STATS (DEVELOPER_ID,SPRINT_ID,TOTAL_ASSIGNED_COUNT,TOTAL_COMPLETED_COUNT,SUM_ESTIMATED_HOURS,SUM_ACTUAL_HOURS,LAST_UPDATED_TS) values (21,1,0,0,0,0,to_timestamp('25-APR-25 01.31.27.430529000 PM','DD-MON-RR HH.MI.SSXFF AM'));
Insert into TODOUSER.DEVELOPER_SPRINT_STATS (DEVELOPER_ID,SPRINT_ID,TOTAL_ASSIGNED_COUNT,TOTAL_COMPLETED_COUNT,SUM_ESTIMATED_HOURS,SUM_ACTUAL_HOURS,LAST_UPDATED_TS) values (21,2,0,0,0,0,to_timestamp('25-APR-25 01.31.27.430768000 PM','DD-MON-RR HH.MI.SSXFF AM'));
Insert into TODOUSER.DEVELOPER_SPRINT_STATS (DEVELOPER_ID,SPRINT_ID,TOTAL_ASSIGNED_COUNT,TOTAL_COMPLETED_COUNT,SUM_ESTIMATED_HOURS,SUM_ACTUAL_HOURS,LAST_UPDATED_TS) values (21,3,0,0,0,0,to_timestamp('25-APR-25 01.31.27.430835000 PM','DD-MON-RR HH.MI.SSXFF AM'));
Insert into TODOUSER.DEVELOPER_SPRINT_STATS (DEVELOPER_ID,SPRINT_ID,TOTAL_ASSIGNED_COUNT,TOTAL_COMPLETED_COUNT,SUM_ESTIMATED_HOURS,SUM_ACTUAL_HOURS,LAST_UPDATED_TS) values (21,4,0,0,0,0,to_timestamp('25-APR-25 01.31.27.430877000 PM','DD-MON-RR HH.MI.SSXFF AM'));
Insert into TODOUSER.DEVELOPER_SPRINT_STATS (DEVELOPER_ID,SPRINT_ID,TOTAL_ASSIGNED_COUNT,TOTAL_COMPLETED_COUNT,SUM_ESTIMATED_HOURS,SUM_ACTUAL_HOURS,LAST_UPDATED_TS) values (21,5,0,0,0,0,to_timestamp('25-APR-25 01.31.27.430912000 PM','DD-MON-RR HH.MI.SSXFF AM'));
Insert into TODOUSER.DEVELOPER_SPRINT_STATS (DEVELOPER_ID,SPRINT_ID,TOTAL_ASSIGNED_COUNT,TOTAL_COMPLETED_COUNT,SUM_ESTIMATED_HOURS,SUM_ACTUAL_HOURS,LAST_UPDATED_TS) values (1,2,3,3,7,6,to_timestamp('11-JUN-25 05.52.39.046995000 AM','DD-MON-RR HH.MI.SSXFF AM'));
Insert into TODOUSER.DEVELOPER_SPRINT_STATS (DEVELOPER_ID,SPRINT_ID,TOTAL_ASSIGNED_COUNT,TOTAL_COMPLETED_COUNT,SUM_ESTIMATED_HOURS,SUM_ACTUAL_HOURS,LAST_UPDATED_TS) values (22,1,0,0,0,0,to_timestamp('25-APR-25 01.34.18.720150000 PM','DD-MON-RR HH.MI.SSXFF AM'));
Insert into TODOUSER.DEVELOPER_SPRINT_STATS (DEVELOPER_ID,SPRINT_ID,TOTAL_ASSIGNED_COUNT,TOTAL_COMPLETED_COUNT,SUM_ESTIMATED_HOURS,SUM_ACTUAL_HOURS,LAST_UPDATED_TS) values (22,2,0,0,0,0,to_timestamp('25-APR-25 01.34.18.720388000 PM','DD-MON-RR HH.MI.SSXFF AM'));
Insert into TODOUSER.DEVELOPER_SPRINT_STATS (DEVELOPER_ID,SPRINT_ID,TOTAL_ASSIGNED_COUNT,TOTAL_COMPLETED_COUNT,SUM_ESTIMATED_HOURS,SUM_ACTUAL_HOURS,LAST_UPDATED_TS) values (22,3,0,0,0,0,to_timestamp('25-APR-25 01.34.18.720462000 PM','DD-MON-RR HH.MI.SSXFF AM'));
Insert into TODOUSER.DEVELOPER_SPRINT_STATS (DEVELOPER_ID,SPRINT_ID,TOTAL_ASSIGNED_COUNT,TOTAL_COMPLETED_COUNT,SUM_ESTIMATED_HOURS,SUM_ACTUAL_HOURS,LAST_UPDATED_TS) values (22,4,0,0,0,0,to_timestamp('25-APR-25 01.34.18.720506000 PM','DD-MON-RR HH.MI.SSXFF AM'));
Insert into TODOUSER.DEVELOPER_SPRINT_STATS (DEVELOPER_ID,SPRINT_ID,TOTAL_ASSIGNED_COUNT,TOTAL_COMPLETED_COUNT,SUM_ESTIMATED_HOURS,SUM_ACTUAL_HOURS,LAST_UPDATED_TS) values (22,5,0,0,0,0,to_timestamp('25-APR-25 01.34.18.720543000 PM','DD-MON-RR HH.MI.SSXFF AM'));
Insert into TODOUSER.DEVELOPER_SPRINT_STATS (DEVELOPER_ID,SPRINT_ID,TOTAL_ASSIGNED_COUNT,TOTAL_COMPLETED_COUNT,SUM_ESTIMATED_HOURS,SUM_ACTUAL_HOURS,LAST_UPDATED_TS) values (1,1,3,3,6,5.5,to_timestamp('11-JUN-25 05.51.16.649473000 AM','DD-MON-RR HH.MI.SSXFF AM'));
Insert into TODOUSER.DEVELOPER_SPRINT_STATS (DEVELOPER_ID,SPRINT_ID,TOTAL_ASSIGNED_COUNT,TOTAL_COMPLETED_COUNT,SUM_ESTIMATED_HOURS,SUM_ACTUAL_HOURS,LAST_UPDATED_TS) values (5,3,3,3,5.5,5,to_timestamp('14-MAY-25 10.00.56.703226000 PM','DD-MON-RR HH.MI.SSXFF AM'));
Insert into TODOUSER.DEVELOPER_SPRINT_STATS (DEVELOPER_ID,SPRINT_ID,TOTAL_ASSIGNED_COUNT,TOTAL_COMPLETED_COUNT,SUM_ESTIMATED_HOURS,SUM_ACTUAL_HOURS,LAST_UPDATED_TS) values (2,3,3,3,4,2.5,to_timestamp('14-MAY-25 10.02.03.197539000 PM','DD-MON-RR HH.MI.SSXFF AM'));
Insert into TODOUSER.DEVELOPER_SPRINT_STATS (DEVELOPER_ID,SPRINT_ID,TOTAL_ASSIGNED_COUNT,TOTAL_COMPLETED_COUNT,SUM_ESTIMATED_HOURS,SUM_ACTUAL_HOURS,LAST_UPDATED_TS) values (4,4,3,3,11,9,to_timestamp('11-JUN-25 06.05.10.906713000 AM','DD-MON-RR HH.MI.SSXFF AM'));
Insert into TODOUSER.DEVELOPER_SPRINT_STATS (DEVELOPER_ID,SPRINT_ID,TOTAL_ASSIGNED_COUNT,TOTAL_COMPLETED_COUNT,SUM_ESTIMATED_HOURS,SUM_ACTUAL_HOURS,LAST_UPDATED_TS) values (3,4,2,2,7,7,to_timestamp('11-JUN-25 06.04.00.625628000 AM','DD-MON-RR HH.MI.SSXFF AM'));
Insert into TODOUSER.DEVELOPER_SPRINT_STATS (DEVELOPER_ID,SPRINT_ID,TOTAL_ASSIGNED_COUNT,TOTAL_COMPLETED_COUNT,SUM_ESTIMATED_HOURS,SUM_ACTUAL_HOURS,LAST_UPDATED_TS) values (6,4,2,2,7.5,5,to_timestamp('11-JUN-25 06.05.56.851541000 AM','DD-MON-RR HH.MI.SSXFF AM'));
Insert into TODOUSER.DEVELOPER_SPRINT_STATS (DEVELOPER_ID,SPRINT_ID,TOTAL_ASSIGNED_COUNT,TOTAL_COMPLETED_COUNT,SUM_ESTIMATED_HOURS,SUM_ACTUAL_HOURS,LAST_UPDATED_TS) values (1,5,3,3,6,3,to_timestamp('11-JUN-25 06.09.42.499596000 AM','DD-MON-RR HH.MI.SSXFF AM'));
REM INSERTING into TODOUSER.DEVELOPER_STATS
SET DEFINE OFF;
Insert into TODOUSER.DEVELOPER_STATS (DEVELOPER_ID,TOTAL_ASSIGNED_COUNT,TOTAL_COMPLETED_COUNT,SUM_ESTIMATED_HOURS,SUM_ACTUAL_HOURS,LAST_UPDATED_TS) values (1,16,16,34.5,28,to_timestamp('11-JUN-25 05.58.33.727672000 PM','DD-MON-RR HH.MI.SSXFF AM'));
Insert into TODOUSER.DEVELOPER_STATS (DEVELOPER_ID,TOTAL_ASSIGNED_COUNT,TOTAL_COMPLETED_COUNT,SUM_ESTIMATED_HOURS,SUM_ACTUAL_HOURS,LAST_UPDATED_TS) values (2,14,14,28,26,to_timestamp('11-JUN-25 05.50.30.216185000 PM','DD-MON-RR HH.MI.SSXFF AM'));
Insert into TODOUSER.DEVELOPER_STATS (DEVELOPER_ID,TOTAL_ASSIGNED_COUNT,TOTAL_COMPLETED_COUNT,SUM_ESTIMATED_HOURS,SUM_ACTUAL_HOURS,LAST_UPDATED_TS) values (3,13,13,27.5,24.5,to_timestamp('11-JUN-25 06.17.44.192710000 AM','DD-MON-RR HH.MI.SSXFF AM'));
Insert into TODOUSER.DEVELOPER_STATS (DEVELOPER_ID,TOTAL_ASSIGNED_COUNT,TOTAL_COMPLETED_COUNT,SUM_ESTIMATED_HOURS,SUM_ACTUAL_HOURS,LAST_UPDATED_TS) values (4,14,14,34.5,27.5,to_timestamp('11-JUN-25 06.03.11.364325000 PM','DD-MON-RR HH.MI.SSXFF AM'));
Insert into TODOUSER.DEVELOPER_STATS (DEVELOPER_ID,TOTAL_ASSIGNED_COUNT,TOTAL_COMPLETED_COUNT,SUM_ESTIMATED_HOURS,SUM_ACTUAL_HOURS,LAST_UPDATED_TS) values (5,12,12,31,25,to_timestamp('11-JUN-25 06.17.53.989941000 AM','DD-MON-RR HH.MI.SSXFF AM'));
Insert into TODOUSER.DEVELOPER_STATS (DEVELOPER_ID,TOTAL_ASSIGNED_COUNT,TOTAL_COMPLETED_COUNT,SUM_ESTIMATED_HOURS,SUM_ACTUAL_HOURS,LAST_UPDATED_TS) values (6,12,12,30.5,24.5,to_timestamp('11-JUN-25 06.05.37.841640000 PM','DD-MON-RR HH.MI.SSXFF AM'));
Insert into TODOUSER.DEVELOPER_STATS (DEVELOPER_ID,TOTAL_ASSIGNED_COUNT,TOTAL_COMPLETED_COUNT,SUM_ESTIMATED_HOURS,SUM_ACTUAL_HOURS,LAST_UPDATED_TS) values (21,0,0,0,0,to_timestamp('25-APR-25 01.31.27.432535000 PM','DD-MON-RR HH.MI.SSXFF AM'));
Insert into TODOUSER.DEVELOPER_STATS (DEVELOPER_ID,TOTAL_ASSIGNED_COUNT,TOTAL_COMPLETED_COUNT,SUM_ESTIMATED_HOURS,SUM_ACTUAL_HOURS,LAST_UPDATED_TS) values (22,0,0,0,0,to_timestamp('25-APR-25 01.34.18.722086000 PM','DD-MON-RR HH.MI.SSXFF AM'));
REM INSERTING into TODOUSER.SPRINTS
SET DEFINE OFF;
Insert into TODOUSER.SPRINTS (ID,SPRINT_NUMBER,START_DATE,END_DATE) values (1,1,to_date('24-MAR-25','DD-MON-RR'),to_date('07-APR-25','DD-MON-RR'));
Insert into TODOUSER.SPRINTS (ID,SPRINT_NUMBER,START_DATE,END_DATE) values (2,2,to_date('07-APR-25','DD-MON-RR'),to_date('28-APR-25','DD-MON-RR'));
Insert into TODOUSER.SPRINTS (ID,SPRINT_NUMBER,START_DATE,END_DATE) values (3,3,to_date('28-APR-25','DD-MON-RR'),to_date('19-MAY-25','DD-MON-RR'));
Insert into TODOUSER.SPRINTS (ID,SPRINT_NUMBER,START_DATE,END_DATE) values (4,4,to_date('12-MAY-25','DD-MON-RR'),to_date('26-MAY-25','DD-MON-RR'));
Insert into TODOUSER.SPRINTS (ID,SPRINT_NUMBER,START_DATE,END_DATE) values (5,5,to_date('26-MAY-25','DD-MON-RR'),to_date('13-JUN-25','DD-MON-RR'));
REM INSERTING into TODOUSER.SPRINT_STATS
SET DEFINE OFF;
Insert into TODOUSER.SPRINT_STATS (SPRINT_ID,TOTAL_SUBTASKS,TOTAL_COMPLETED,SUM_ESTIMATED_HOURS,SUM_ACTUAL_HOURS,LAST_UPDATED_TS) values (1,19,19,28,23,to_timestamp('11-JUN-25 05.51.16.757665000 AM','DD-MON-RR HH.MI.SSXFF AM'));
Insert into TODOUSER.SPRINT_STATS (SPRINT_ID,TOTAL_SUBTASKS,TOTAL_COMPLETED,SUM_ESTIMATED_HOURS,SUM_ACTUAL_HOURS,LAST_UPDATED_TS) values (2,17,17,39,30.5,to_timestamp('11-JUN-25 05.52.53.516124000 AM','DD-MON-RR HH.MI.SSXFF AM'));
Insert into TODOUSER.SPRINT_STATS (SPRINT_ID,TOTAL_SUBTASKS,TOTAL_COMPLETED,SUM_ESTIMATED_HOURS,SUM_ACTUAL_HOURS,LAST_UPDATED_TS) values (3,16,16,29,24,to_timestamp('11-JUN-25 05.59.13.925059000 AM','DD-MON-RR HH.MI.SSXFF AM'));
Insert into TODOUSER.SPRINT_STATS (SPRINT_ID,TOTAL_SUBTASKS,TOTAL_COMPLETED,SUM_ESTIMATED_HOURS,SUM_ACTUAL_HOURS,LAST_UPDATED_TS) values (4,14,14,48,44,to_timestamp('11-JUN-25 06.06.01.560145000 AM','DD-MON-RR HH.MI.SSXFF AM'));
Insert into TODOUSER.SPRINT_STATS (SPRINT_ID,TOTAL_SUBTASKS,TOTAL_COMPLETED,SUM_ESTIMATED_HOURS,SUM_ACTUAL_HOURS,LAST_UPDATED_TS) values (5,15,15,42,34,to_timestamp('11-JUN-25 06.05.37.835463000 PM','DD-MON-RR HH.MI.SSXFF AM'));
REM INSERTING into TODOUSER.SUBTASKS
SET DEFINE OFF;
Insert into TODOUSER.SUBTASKS (ID,MAIN_TASK_ID,TITLE,COMPLETED,ASSIGNED_DEVELOPER_ID,IS_ACTIVE,ESTIMATED_HOURS,ACTUAL_HOURS) values (24,6,'Implementar vista individual de tarea',1,1,1,3,3);
Insert into TODOUSER.SUBTASKS (ID,MAIN_TASK_ID,TITLE,COMPLETED,ASSIGNED_DEVELOPER_ID,IS_ACTIVE,ESTIMATED_HOURS,ACTUAL_HOURS) values (69,82,'Verificar la correcta ejecución de todos los tests unitarios y tomar evidencia',1,4,1,2.5,2);
Insert into TODOUSER.SUBTASKS (ID,MAIN_TASK_ID,TITLE,COMPLETED,ASSIGNED_DEVELOPER_ID,IS_ACTIVE,ESTIMATED_HOURS,ACTUAL_HOURS) values (84,277,'Crear pipeline de DevOps',1,4,1,4,4);
Insert into TODOUSER.SUBTASKS (ID,MAIN_TASK_ID,TITLE,COMPLETED,ASSIGNED_DEVELOPER_ID,IS_ACTIVE,ESTIMATED_HOURS,ACTUAL_HOURS) values (86,278,'Mostrar error de etiqueta en producción',1,5,1,4,3);
Insert into TODOUSER.SUBTASKS (ID,MAIN_TASK_ID,TITLE,COMPLETED,ASSIGNED_DEVELOPER_ID,IS_ACTIVE,ESTIMATED_HOURS,ACTUAL_HOURS) values (109,303,'Preparar características más relevantes para la introducción del video (2 min)',1,3,1,4,3);
Insert into TODOUSER.SUBTASKS (ID,MAIN_TASK_ID,TITLE,COMPLETED,ASSIGNED_DEVELOPER_ID,IS_ACTIVE,ESTIMATED_HOURS,ACTUAL_HOURS) values (110,303,'Grabar video DEMO del Oracle ChatBot (2 min)',1,4,1,4,2);
Insert into TODOUSER.SUBTASKS (ID,MAIN_TASK_ID,TITLE,COMPLETED,ASSIGNED_DEVELOPER_ID,IS_ACTIVE,ESTIMATED_HOURS,ACTUAL_HOURS) values (111,303,'Grabar video DEMO mostrando KPIs (2 min)',1,5,1,4,3);
Insert into TODOUSER.SUBTASKS (ID,MAIN_TASK_ID,TITLE,COMPLETED,ASSIGNED_DEVELOPER_ID,IS_ACTIVE,ESTIMATED_HOURS,ACTUAL_HOURS) values (6,2,'Crear endpoint de login con validación SHA-256',1,3,1,2,2);
Insert into TODOUSER.SUBTASKS (ID,MAIN_TASK_ID,TITLE,COMPLETED,ASSIGNED_DEVELOPER_ID,IS_ACTIVE,ESTIMATED_HOURS,ACTUAL_HOURS) values (15,4,'Obtener todas las tareas',1,6,1,1.5,1);
Insert into TODOUSER.SUBTASKS (ID,MAIN_TASK_ID,TITLE,COMPLETED,ASSIGNED_DEVELOPER_ID,IS_ACTIVE,ESTIMATED_HOURS,ACTUAL_HOURS) values (25,6,'Aplicar mejoras visuales con Tailwind',1,5,1,1.5,1);
Insert into TODOUSER.SUBTASKS (ID,MAIN_TASK_ID,TITLE,COMPLETED,ASSIGNED_DEVELOPER_ID,IS_ACTIVE,ESTIMATED_HOURS,ACTUAL_HOURS) values (88,279,'Realizar pruebas con Selenium',1,1,1,3,4);
Insert into TODOUSER.SUBTASKS (ID,MAIN_TASK_ID,TITLE,COMPLETED,ASSIGNED_DEVELOPER_ID,IS_ACTIVE,ESTIMATED_HOURS,ACTUAL_HOURS) values (89,279,'Ejecutar pruebas de carga con Jmeter',1,3,1,3,3);
Insert into TODOUSER.SUBTASKS (ID,MAIN_TASK_ID,TITLE,COMPLETED,ASSIGNED_DEVELOPER_ID,IS_ACTIVE,ESTIMATED_HOURS,ACTUAL_HOURS) values (52,49,'Editar Video',1,1,1,1,1);
Insert into TODOUSER.SUBTASKS (ID,MAIN_TASK_ID,TITLE,COMPLETED,ASSIGNED_DEVELOPER_ID,IS_ACTIVE,ESTIMATED_HOURS,ACTUAL_HOURS) values (53,49,'Hacer grabaciones de Front, Telegram y Base de Datos.',1,4,1,3,2);
Insert into TODOUSER.SUBTASKS (ID,MAIN_TASK_ID,TITLE,COMPLETED,ASSIGNED_DEVELOPER_ID,IS_ACTIVE,ESTIMATED_HOURS,ACTUAL_HOURS) values (90,279,'Ejecutar pruebas de seguridad con OWASP',1,2,1,3,4);
Insert into TODOUSER.SUBTASKS (ID,MAIN_TASK_ID,TITLE,COMPLETED,ASSIGNED_DEVELOPER_ID,IS_ACTIVE,ESTIMATED_HOURS,ACTUAL_HOURS) values (101,302,'Recopilar pruebas de calidad del sistema',1,1,1,2,1);
Insert into TODOUSER.SUBTASKS (ID,MAIN_TASK_ID,TITLE,COMPLETED,ASSIGNED_DEVELOPER_ID,IS_ACTIVE,ESTIMATED_HOURS,ACTUAL_HOURS) values (102,302,'Recopilar pruebas de seguridad realizadas',1,2,1,2.5,3);
Insert into TODOUSER.SUBTASKS (ID,MAIN_TASK_ID,TITLE,COMPLETED,ASSIGNED_DEVELOPER_ID,IS_ACTIVE,ESTIMATED_HOURS,ACTUAL_HOURS) values (103,302,'Recopilar estructura de la base de datos y su evolución',1,3,1,2.5,3);
Insert into TODOUSER.SUBTASKS (ID,MAIN_TASK_ID,TITLE,COMPLETED,ASSIGNED_DEVELOPER_ID,IS_ACTIVE,ESTIMATED_HOURS,ACTUAL_HOURS) values (104,302,'Revisar documentaciones existentes del proyecto',1,4,1,3,2);
Insert into TODOUSER.SUBTASKS (ID,MAIN_TASK_ID,TITLE,COMPLETED,ASSIGNED_DEVELOPER_ID,IS_ACTIVE,ESTIMATED_HOURS,ACTUAL_HOURS) values (105,302,'Recopilar diagramas de arquitectura del sistema',1,5,1,4,3);
Insert into TODOUSER.SUBTASKS (ID,MAIN_TASK_ID,TITLE,COMPLETED,ASSIGNED_DEVELOPER_ID,IS_ACTIVE,ESTIMATED_HOURS,ACTUAL_HOURS) values (106,302,'Recopilar historial de sprints realizados',1,6,1,4,4);
Insert into TODOUSER.SUBTASKS (ID,MAIN_TASK_ID,TITLE,COMPLETED,ASSIGNED_DEVELOPER_ID,IS_ACTIVE,ESTIMATED_HOURS,ACTUAL_HOURS) values (107,302,'Obtener tablas y gráficos de KPIs actuales',1,1,1,2,1);
Insert into TODOUSER.SUBTASKS (ID,MAIN_TASK_ID,TITLE,COMPLETED,ASSIGNED_DEVELOPER_ID,IS_ACTIVE,ESTIMATED_HOURS,ACTUAL_HOURS) values (1,1,'Crear nuevo developer (POST)',1,1,1,2.5,3);
Insert into TODOUSER.SUBTASKS (ID,MAIN_TASK_ID,TITLE,COMPLETED,ASSIGNED_DEVELOPER_ID,IS_ACTIVE,ESTIMATED_HOURS,ACTUAL_HOURS) values (2,1,'Obtener todos los developers (GET)',1,1,1,1.5,1);
Insert into TODOUSER.SUBTASKS (ID,MAIN_TASK_ID,TITLE,COMPLETED,ASSIGNED_DEVELOPER_ID,IS_ACTIVE,ESTIMATED_HOURS,ACTUAL_HOURS) values (10,3,'Obtener todos los sprints (GET)',1,5,1,1.5,1);
Insert into TODOUSER.SUBTASKS (ID,MAIN_TASK_ID,TITLE,COMPLETED,ASSIGNED_DEVELOPER_ID,IS_ACTIVE,ESTIMATED_HOURS,ACTUAL_HOURS) values (11,3,'Actualizar sprint existente (PUT)',1,3,1,1,1);
Insert into TODOUSER.SUBTASKS (ID,MAIN_TASK_ID,TITLE,COMPLETED,ASSIGNED_DEVELOPER_ID,IS_ACTIVE,ESTIMATED_HOURS,ACTUAL_HOURS) values (14,4,'Crear tarea (ToDoItem)',1,5,1,1,1);
Insert into TODOUSER.SUBTASKS (ID,MAIN_TASK_ID,TITLE,COMPLETED,ASSIGNED_DEVELOPER_ID,IS_ACTIVE,ESTIMATED_HOURS,ACTUAL_HOURS) values (16,4,'Obtener tarea por ID',1,2,1,1.5,1);
Insert into TODOUSER.SUBTASKS (ID,MAIN_TASK_ID,TITLE,COMPLETED,ASSIGNED_DEVELOPER_ID,IS_ACTIVE,ESTIMATED_HOURS,ACTUAL_HOURS) values (17,4,'Actualizar estado de la tarea',1,3,1,1,1);
Insert into TODOUSER.SUBTASKS (ID,MAIN_TASK_ID,TITLE,COMPLETED,ASSIGNED_DEVELOPER_ID,IS_ACTIVE,ESTIMATED_HOURS,ACTUAL_HOURS) values (18,4,'Eliminar tarea (borrado lógico)',1,4,1,3,2);
Insert into TODOUSER.SUBTASKS (ID,MAIN_TASK_ID,TITLE,COMPLETED,ASSIGNED_DEVELOPER_ID,IS_ACTIVE,ESTIMATED_HOURS,ACTUAL_HOURS) values (19,5,'Crear subtarea con horas estimadas',1,1,1,2,1.5);
Insert into TODOUSER.SUBTASKS (ID,MAIN_TASK_ID,TITLE,COMPLETED,ASSIGNED_DEVELOPER_ID,IS_ACTIVE,ESTIMATED_HOURS,ACTUAL_HOURS) values (20,5,'Obtener subtareas de una tarea',1,2,1,0.5,0.5);
Insert into TODOUSER.SUBTASKS (ID,MAIN_TASK_ID,TITLE,COMPLETED,ASSIGNED_DEVELOPER_ID,IS_ACTIVE,ESTIMATED_HOURS,ACTUAL_HOURS) values (21,5,'Actualizar subtarea (sin marcar como completada)',1,3,1,2,1);
Insert into TODOUSER.SUBTASKS (ID,MAIN_TASK_ID,TITLE,COMPLETED,ASSIGNED_DEVELOPER_ID,IS_ACTIVE,ESTIMATED_HOURS,ACTUAL_HOURS) values (22,5,'Eliminar subtarea (borrado lógico)',1,4,1,1,1);
Insert into TODOUSER.SUBTASKS (ID,MAIN_TASK_ID,TITLE,COMPLETED,ASSIGNED_DEVELOPER_ID,IS_ACTIVE,ESTIMATED_HOURS,ACTUAL_HOURS) values (64,81,'Realizar gráfica 2: Horas Trabajadas por Developer por Sprint',1,1,1,2,1);
Insert into TODOUSER.SUBTASKS (ID,MAIN_TASK_ID,TITLE,COMPLETED,ASSIGNED_DEVELOPER_ID,IS_ACTIVE,ESTIMATED_HOURS,ACTUAL_HOURS) values (51,6,'Implementar vista individual de sprint',1,4,1,1,1.5);
Insert into TODOUSER.SUBTASKS (ID,MAIN_TASK_ID,TITLE,COMPLETED,ASSIGNED_DEVELOPER_ID,IS_ACTIVE,ESTIMATED_HOURS,ACTUAL_HOURS) values (65,81,'Realizar gráfica 3: Tareas Completadas por Developer por Sprint',1,2,1,1.5,1);
Insert into TODOUSER.SUBTASKS (ID,MAIN_TASK_ID,TITLE,COMPLETED,ASSIGNED_DEVELOPER_ID,IS_ACTIVE,ESTIMATED_HOURS,ACTUAL_HOURS) values (66,81,'Actualizar tabla de reporte de tareas terminadas',1,2,1,1.5,1);
Insert into TODOUSER.SUBTASKS (ID,MAIN_TASK_ID,TITLE,COMPLETED,ASSIGNED_DEVELOPER_ID,IS_ACTIVE,ESTIMATED_HOURS,ACTUAL_HOURS) values (67,82,'Agregar primeros 4 archivos ya hechos y verificar funcionamiento',1,3,1,1,0.5);
Insert into TODOUSER.SUBTASKS (ID,MAIN_TASK_ID,TITLE,COMPLETED,ASSIGNED_DEVELOPER_ID,IS_ACTIVE,ESTIMATED_HOURS,ACTUAL_HOURS) values (68,82,'Crear nuevos 3 archivos de test para los controladores faltantes',1,3,1,2.5,2);
Insert into TODOUSER.SUBTASKS (ID,MAIN_TASK_ID,TITLE,COMPLETED,ASSIGNED_DEVELOPER_ID,IS_ACTIVE,ESTIMATED_HOURS,ACTUAL_HOURS) values (91,280,'Grabar flujo de configuración de DevOps',1,5,1,4,4);
Insert into TODOUSER.SUBTASKS (ID,MAIN_TASK_ID,TITLE,COMPLETED,ASSIGNED_DEVELOPER_ID,IS_ACTIVE,ESTIMATED_HOURS,ACTUAL_HOURS) values (92,280,'Grabar caso de prueba',1,6,1,3.5,2);
Insert into TODOUSER.SUBTASKS (ID,MAIN_TASK_ID,TITLE,COMPLETED,ASSIGNED_DEVELOPER_ID,IS_ACTIVE,ESTIMATED_HOURS,ACTUAL_HOURS) values (93,280,'Grabar tests y resultados',1,1,1,3.5,3);
Insert into TODOUSER.SUBTASKS (ID,MAIN_TASK_ID,TITLE,COMPLETED,ASSIGNED_DEVELOPER_ID,IS_ACTIVE,ESTIMATED_HOURS,ACTUAL_HOURS) values (94,280,'Editar y subir videos a la plataforma',1,4,1,3,1);
Insert into TODOUSER.SUBTASKS (ID,MAIN_TASK_ID,TITLE,COMPLETED,ASSIGNED_DEVELOPER_ID,IS_ACTIVE,ESTIMATED_HOURS,ACTUAL_HOURS) values (108,303,'Realizar reporte final del proyecto',1,2,1,2,3);
Insert into TODOUSER.SUBTASKS (ID,MAIN_TASK_ID,TITLE,COMPLETED,ASSIGNED_DEVELOPER_ID,IS_ACTIVE,ESTIMATED_HOURS,ACTUAL_HOURS) values (112,303,'Grabar video DEMO de CI/CD en OCI (2 min)',1,6,1,4,4);
Insert into TODOUSER.SUBTASKS (ID,MAIN_TASK_ID,TITLE,COMPLETED,ASSIGNED_DEVELOPER_ID,IS_ACTIVE,ESTIMATED_HOURS,ACTUAL_HOURS) values (113,303,'Editar y pulir los videos para la entrega final',1,1,1,2,1);
Insert into TODOUSER.SUBTASKS (ID,MAIN_TASK_ID,TITLE,COMPLETED,ASSIGNED_DEVELOPER_ID,IS_ACTIVE,ESTIMATED_HOURS,ACTUAL_HOURS) values (23,6,'Diseñar modal de edición de subtarea',1,5,1,1.5,1);
Insert into TODOUSER.SUBTASKS (ID,MAIN_TASK_ID,TITLE,COMPLETED,ASSIGNED_DEVELOPER_ID,IS_ACTIVE,ESTIMATED_HOURS,ACTUAL_HOURS) values (70,83,'Crear un script de OWASP ZAP para ejecutar pruebas a la aplicación desde la terminal local',1,5,1,2,2);
Insert into TODOUSER.SUBTASKS (ID,MAIN_TASK_ID,TITLE,COMPLETED,ASSIGNED_DEVELOPER_ID,IS_ACTIVE,ESTIMATED_HOURS,ACTUAL_HOURS) values (71,83,'Ejecutar nuevas pruebas manuales desde el IDE de ZAP',1,5,1,1.5,1);
Insert into TODOUSER.SUBTASKS (ID,MAIN_TASK_ID,TITLE,COMPLETED,ASSIGNED_DEVELOPER_ID,IS_ACTIVE,ESTIMATED_HOURS,ACTUAL_HOURS) values (72,83,'Ejecutar pruebas desde la terminal local con SNIPER',1,6,1,2.5,2);
Insert into TODOUSER.SUBTASKS (ID,MAIN_TASK_ID,TITLE,COMPLETED,ASSIGNED_DEVELOPER_ID,IS_ACTIVE,ESTIMATED_HOURS,ACTUAL_HOURS) values (73,83,'Recolectar todos los resultados',1,6,1,1,1);
Insert into TODOUSER.SUBTASKS (ID,MAIN_TASK_ID,TITLE,COMPLETED,ASSIGNED_DEVELOPER_ID,IS_ACTIVE,ESTIMATED_HOURS,ACTUAL_HOURS) values (74,84,'Grabar video DEMO de los cambios a la aplicación WEB',1,1,1,3,3);
Insert into TODOUSER.SUBTASKS (ID,MAIN_TASK_ID,TITLE,COMPLETED,ASSIGNED_DEVELOPER_ID,IS_ACTIVE,ESTIMATED_HOURS,ACTUAL_HOURS) values (75,84,'Agregar ejecución de pruebas unitarias a la DEMO',1,2,1,1,0.5);
Insert into TODOUSER.SUBTASKS (ID,MAIN_TASK_ID,TITLE,COMPLETED,ASSIGNED_DEVELOPER_ID,IS_ACTIVE,ESTIMATED_HOURS,ACTUAL_HOURS) values (76,84,'Recolectar todas las evidencias de lo realizado y crear un reporte escrito',1,3,1,2,2);
Insert into TODOUSER.SUBTASKS (ID,MAIN_TASK_ID,TITLE,COMPLETED,ASSIGNED_DEVELOPER_ID,IS_ACTIVE,ESTIMATED_HOURS,ACTUAL_HOURS) values (77,84,'Agregar conclusiones y planes a futuro',1,4,1,1,2);
Insert into TODOUSER.SUBTASKS (ID,MAIN_TASK_ID,TITLE,COMPLETED,ASSIGNED_DEVELOPER_ID,IS_ACTIVE,ESTIMATED_HOURS,ACTUAL_HOURS) values (78,84,'Generar una presentación de recapitulación de resumen de resultados para la entrega del Sprint 3',1,5,1,2,2);
Insert into TODOUSER.SUBTASKS (ID,MAIN_TASK_ID,TITLE,COMPLETED,ASSIGNED_DEVELOPER_ID,IS_ACTIVE,ESTIMATED_HOURS,ACTUAL_HOURS) values (85,277,'Realizar las pruebas correspondientes del pipeline',1,2,1,4,4);
Insert into TODOUSER.SUBTASKS (ID,MAIN_TASK_ID,TITLE,COMPLETED,ASSIGNED_DEVELOPER_ID,IS_ACTIVE,ESTIMATED_HOURS,ACTUAL_HOURS) values (87,278,'Mostrar la etiqueta corregida en producción',1,6,1,4,3);
Insert into TODOUSER.SUBTASKS (ID,MAIN_TASK_ID,TITLE,COMPLETED,ASSIGNED_DEVELOPER_ID,IS_ACTIVE,ESTIMATED_HOURS,ACTUAL_HOURS) values (123,323,'Subtarea de prueba 1',1,1,1,1,0.5);
Insert into TODOUSER.SUBTASKS (ID,MAIN_TASK_ID,TITLE,COMPLETED,ASSIGNED_DEVELOPER_ID,IS_ACTIVE,ESTIMATED_HOURS,ACTUAL_HOURS) values (124,323,'Subtarea de prueba 2',1,6,1,1,0.5);
Insert into TODOUSER.SUBTASKS (ID,MAIN_TASK_ID,TITLE,COMPLETED,ASSIGNED_DEVELOPER_ID,IS_ACTIVE,ESTIMATED_HOURS,ACTUAL_HOURS) values (3,1,'Buscar developer por ID (GET)',1,2,1,1.5,1);
Insert into TODOUSER.SUBTASKS (ID,MAIN_TASK_ID,TITLE,COMPLETED,ASSIGNED_DEVELOPER_ID,IS_ACTIVE,ESTIMATED_HOURS,ACTUAL_HOURS) values (4,1,'Actualizar developer existente (PUT)',1,3,1,1,1);
Insert into TODOUSER.SUBTASKS (ID,MAIN_TASK_ID,TITLE,COMPLETED,ASSIGNED_DEVELOPER_ID,IS_ACTIVE,ESTIMATED_HOURS,ACTUAL_HOURS) values (5,1,'Eliminar developer (DELETE)',1,4,1,1,1);
Insert into TODOUSER.SUBTASKS (ID,MAIN_TASK_ID,TITLE,COMPLETED,ASSIGNED_DEVELOPER_ID,IS_ACTIVE,ESTIMATED_HOURS,ACTUAL_HOURS) values (7,2,'Verificar credenciales desde base de datos',1,6,1,2.5,2);
Insert into TODOUSER.SUBTASKS (ID,MAIN_TASK_ID,TITLE,COMPLETED,ASSIGNED_DEVELOPER_ID,IS_ACTIVE,ESTIMATED_HOURS,ACTUAL_HOURS) values (8,2,'Validar respuestas correctas y errores (status codes)',1,2,1,2,3);
Insert into TODOUSER.SUBTASKS (ID,MAIN_TASK_ID,TITLE,COMPLETED,ASSIGNED_DEVELOPER_ID,IS_ACTIVE,ESTIMATED_HOURS,ACTUAL_HOURS) values (9,3,'Crear nuevo sprint (POST)',1,6,1,2,1);
Insert into TODOUSER.SUBTASKS (ID,MAIN_TASK_ID,TITLE,COMPLETED,ASSIGNED_DEVELOPER_ID,IS_ACTIVE,ESTIMATED_HOURS,ACTUAL_HOURS) values (12,3,'Eliminar sprint (DELETE)',1,4,1,1,1);
Insert into TODOUSER.SUBTASKS (ID,MAIN_TASK_ID,TITLE,COMPLETED,ASSIGNED_DEVELOPER_ID,IS_ACTIVE,ESTIMATED_HOURS,ACTUAL_HOURS) values (13,3,'Filtrar tareas por sprint (GET por ID)',1,2,1,1.5,2);
Insert into TODOUSER.SUBTASKS (ID,MAIN_TASK_ID,TITLE,COMPLETED,ASSIGNED_DEVELOPER_ID,IS_ACTIVE,ESTIMATED_HOURS,ACTUAL_HOURS) values (26,7,'Definir modelo de datos para roles de usuario',1,6,1,2,2);
Insert into TODOUSER.SUBTASKS (ID,MAIN_TASK_ID,TITLE,COMPLETED,ASSIGNED_DEVELOPER_ID,IS_ACTIVE,ESTIMATED_HOURS,ACTUAL_HOURS) values (27,7,'Implementar verificación de permisos en endpoints',1,6,1,2.5,2);
Insert into TODOUSER.SUBTASKS (ID,MAIN_TASK_ID,TITLE,COMPLETED,ASSIGNED_DEVELOPER_ID,IS_ACTIVE,ESTIMATED_HOURS,ACTUAL_HOURS) values (28,7,'Restringir acceso a funciones según rol (middleware)',1,3,1,1.5,1);
Insert into TODOUSER.SUBTASKS (ID,MAIN_TASK_ID,TITLE,COMPLETED,ASSIGNED_DEVELOPER_ID,IS_ACTIVE,ESTIMATED_HOURS,ACTUAL_HOURS) values (29,7,'Agregar pruebas para rutas restringidas',1,2,1,2,1);
Insert into TODOUSER.SUBTASKS (ID,MAIN_TASK_ID,TITLE,COMPLETED,ASSIGNED_DEVELOPER_ID,IS_ACTIVE,ESTIMATED_HOURS,ACTUAL_HOURS) values (30,8,'Obtener tiempo estimado vs real por developer',1,2,1,3.5,1);
Insert into TODOUSER.SUBTASKS (ID,MAIN_TASK_ID,TITLE,COMPLETED,ASSIGNED_DEVELOPER_ID,IS_ACTIVE,ESTIMATED_HOURS,ACTUAL_HOURS) values (31,8,'Mostrar avance de tareas por sprint',1,1,1,3,2);
Insert into TODOUSER.SUBTASKS (ID,MAIN_TASK_ID,TITLE,COMPLETED,ASSIGNED_DEVELOPER_ID,IS_ACTIVE,ESTIMATED_HOURS,ACTUAL_HOURS) values (32,8,'Crear visualización para métricas de desempeño',1,5,1,4,3);
Insert into TODOUSER.SUBTASKS (ID,MAIN_TASK_ID,TITLE,COMPLETED,ASSIGNED_DEVELOPER_ID,IS_ACTIVE,ESTIMATED_HOURS,ACTUAL_HOURS) values (33,8,'Filtrar métricas por fechas o sprint específico',1,4,1,3,2);
Insert into TODOUSER.SUBTASKS (ID,MAIN_TASK_ID,TITLE,COMPLETED,ASSIGNED_DEVELOPER_ID,IS_ACTIVE,ESTIMATED_HOURS,ACTUAL_HOURS) values (63,81,'Realizar gráfica 1: Horas Totales trabajadas por Sprint',1,1,1,2,1);
Insert into TODOUSER.SUBTASKS (ID,MAIN_TASK_ID,TITLE,COMPLETED,ASSIGNED_DEVELOPER_ID,IS_ACTIVE,ESTIMATED_HOURS,ACTUAL_HOURS) values (81,276,'Grabar actualización de datos por sprint 4',1,1,1,1,1);
Insert into TODOUSER.SUBTASKS (ID,MAIN_TASK_ID,TITLE,COMPLETED,ASSIGNED_DEVELOPER_ID,IS_ACTIVE,ESTIMATED_HOURS,ACTUAL_HOURS) values (82,277,'Crear artefactos de DevOps',1,4,1,4,4);
Insert into TODOUSER.SUBTASKS (ID,MAIN_TASK_ID,TITLE,COMPLETED,ASSIGNED_DEVELOPER_ID,IS_ACTIVE,ESTIMATED_HOURS,ACTUAL_HOURS) values (83,277,'Definir parámetros del pipeline de DevOps',1,3,1,4,4);
REM INSERTING into TODOUSER.TODOITEM
SET DEFINE OFF;
Insert into TODOUSER.TODOITEM (ID,DESCRIPTION,CREATION_TS,DONE,START_DATE,END_DATE,PROGRESS,STATUS,TITLE,SPRINT_ID,IS_ACTIVE) values (1,'Prueba carga actualizada',to_timestamp_tz('21-APR-25 07.49.45.018891000 PM UTC','DD-MON-RR HH.MI.SSXFF AM TZR'),0,to_timestamp('10-JUN-25 12.00.00.000000000 PM','DD-MON-RR HH.MI.SSXFF AM'),to_timestamp('11-JUN-25 05.51.16.837857000 AM','DD-MON-RR HH.MI.SSXFF AM'),100,'Completed','Demo Updated',1,1);
Insert into TODOUSER.TODOITEM (ID,DESCRIPTION,CREATION_TS,DONE,START_DATE,END_DATE,PROGRESS,STATUS,TITLE,SPRINT_ID,IS_ACTIVE) values (2,'Permitir autenticación de developers mediante endpoint de login.',to_timestamp_tz('21-APR-25 07.49.52.791749000 PM UTC','DD-MON-RR HH.MI.SSXFF AM TZR'),0,to_timestamp('21-APR-25 07.49.52.791760000 PM','DD-MON-RR HH.MI.SSXFF AM'),to_timestamp('11-JUN-25 05.46.37.019515000 AM','DD-MON-RR HH.MI.SSXFF AM'),100,'Completed','Implementación de sistema de Login',2,1);
Insert into TODOUSER.TODOITEM (ID,DESCRIPTION,CREATION_TS,DONE,START_DATE,END_DATE,PROGRESS,STATUS,TITLE,SPRINT_ID,IS_ACTIVE) values (4,'Implementar endpoints para crear, consultar, actualizar y eliminar tareas (ToDoItems).',to_timestamp_tz('21-APR-25 07.50.07.609493000 PM UTC','DD-MON-RR HH.MI.SSXFF AM TZR'),0,to_timestamp('21-APR-25 07.50.07.609504000 PM','DD-MON-RR HH.MI.SSXFF AM'),to_timestamp('11-JUN-25 04.55.34.022879000 AM','DD-MON-RR HH.MI.SSXFF AM'),100,'Completed','Gestión de ToDoItems',1,1);
Insert into TODOUSER.TODOITEM (ID,DESCRIPTION,CREATION_TS,DONE,START_DATE,END_DATE,PROGRESS,STATUS,TITLE,SPRINT_ID,IS_ACTIVE) values (323,'Tarea de demostración',to_timestamp_tz('11-JUN-25 05.56.39.638825000 PM UTC','DD-MON-RR HH.MI.SSXFF AM TZR'),0,to_timestamp('11-JUN-25 05.56.39.638859000 PM','DD-MON-RR HH.MI.SSXFF AM'),to_timestamp('11-JUN-25 06.05.37.870363000 PM','DD-MON-RR HH.MI.SSXFF AM'),100,'Completed','Tarea Video DEMO Telegram + WebApp',5,1);
Insert into TODOUSER.TODOITEM (ID,DESCRIPTION,CREATION_TS,DONE,START_DATE,END_DATE,PROGRESS,STATUS,TITLE,SPRINT_ID,IS_ACTIVE) values (277,'Configurar el entorno de DevOps de Oracle, incluyendo la creación de artefactos, definición de parámetros y creación de pipelines necesarios para la integración continua.',to_timestamp_tz('27-MAY-25 07.32.19.016522000 PM UTC','DD-MON-RR HH.MI.SSXFF AM TZR'),0,to_timestamp('27-MAY-25 07.32.19.016531000 PM','DD-MON-RR HH.MI.SSXFF AM'),to_timestamp('11-JUN-25 06.03.20.806502000 AM','DD-MON-RR HH.MI.SSXFF AM'),100,'Completed','Configurar Oracle DevOps',4,1);
Insert into TODOUSER.TODOITEM (ID,DESCRIPTION,CREATION_TS,DONE,START_DATE,END_DATE,PROGRESS,STATUS,TITLE,SPRINT_ID,IS_ACTIVE) values (278,'Probar la correcta implementación de Oracle DevOps, mostrando y corrigiendo los errores de etiquetas en el entorno de producción.',to_timestamp_tz('27-MAY-25 07.32.28.673959000 PM UTC','DD-MON-RR HH.MI.SSXFF AM TZR'),0,to_timestamp('27-MAY-25 07.32.28.673965000 PM','DD-MON-RR HH.MI.SSXFF AM'),to_timestamp('11-JUN-25 06.06.01.593935000 AM','DD-MON-RR HH.MI.SSXFF AM'),100,'Completed','Requerimiento: Probar Oracle DevOps',4,1);
Insert into TODOUSER.TODOITEM (ID,DESCRIPTION,CREATION_TS,DONE,START_DATE,END_DATE,PROGRESS,STATUS,TITLE,SPRINT_ID,IS_ACTIVE) values (279,'Realizar pruebas con herramientas como Selenium, Jmeter y OWASP para asegurar la calidad del sistema en cuanto a rendimiento y seguridad.',to_timestamp_tz('27-MAY-25 07.32.37.529571000 PM UTC','DD-MON-RR HH.MI.SSXFF AM TZR'),0,to_timestamp('27-MAY-25 07.32.37.529579000 PM','DD-MON-RR HH.MI.SSXFF AM'),to_timestamp('11-JUN-25 06.04.06.076549000 AM','DD-MON-RR HH.MI.SSXFF AM'),100,'Completed','Testeo',4,1);
Insert into TODOUSER.TODOITEM (ID,DESCRIPTION,CREATION_TS,DONE,START_DATE,END_DATE,PROGRESS,STATUS,TITLE,SPRINT_ID,IS_ACTIVE) values (7,'Implementar lógica de roles (Developer vs Project Manager), protegiendo endpoints según permisos y mejorando la seguridad de acceso.',to_timestamp_tz('21-APR-25 07.50.44.982464000 PM UTC','DD-MON-RR HH.MI.SSXFF AM TZR'),0,to_timestamp('21-APR-25 07.50.44.982479000 PM','DD-MON-RR HH.MI.SSXFF AM'),to_timestamp('11-JUN-25 05.48.08.065503000 AM','DD-MON-RR HH.MI.SSXFF AM'),100,'Completed','Manejo de roles y autorización',2,1);
Insert into TODOUSER.TODOITEM (ID,DESCRIPTION,CREATION_TS,DONE,START_DATE,END_DATE,PROGRESS,STATUS,TITLE,SPRINT_ID,IS_ACTIVE) values (8,'Crear endpoints o visualizaciones que permitan ver el desempeño por sprint, developer, o tarea, incluyendo tiempo estimado vs real y tasas de completación.',to_timestamp_tz('21-APR-25 07.50.51.572038000 PM UTC','DD-MON-RR HH.MI.SSXFF AM TZR'),0,to_timestamp('21-APR-25 07.50.51.572046000 PM','DD-MON-RR HH.MI.SSXFF AM'),to_timestamp('11-JUN-25 05.52.53.549300000 AM','DD-MON-RR HH.MI.SSXFF AM'),100,'Completed','Generación de reportes y métricas',2,1);
Insert into TODOUSER.TODOITEM (ID,DESCRIPTION,CREATION_TS,DONE,START_DATE,END_DATE,PROGRESS,STATUS,TITLE,SPRINT_ID,IS_ACTIVE) values (84,'Grabar video demo, documentar pruebas, recolectar evidencias y generar presentación de resultados y planes futuros.',to_timestamp_tz('14-MAY-25 09.40.05.278887000 PM UTC','DD-MON-RR HH.MI.SSXFF AM TZR'),0,to_timestamp('14-MAY-25 09.40.05.278892000 PM','DD-MON-RR HH.MI.SSXFF AM'),to_timestamp('11-JUN-25 05.58.26.274503000 AM','DD-MON-RR HH.MI.SSXFF AM'),100,'Completed','Demo y Reporte final del Sprint 3',3,1);
Insert into TODOUSER.TODOITEM (ID,DESCRIPTION,CREATION_TS,DONE,START_DATE,END_DATE,PROGRESS,STATUS,TITLE,SPRINT_ID,IS_ACTIVE) values (49,'Realizar video de demo para Release Version 1',to_timestamp_tz('24-APR-25 08.31.38.175371000 PM UTC','DD-MON-RR HH.MI.SSXFF AM TZR'),0,to_timestamp('24-APR-25 08.31.38.175484000 PM','DD-MON-RR HH.MI.SSXFF AM'),to_timestamp('11-JUN-25 05.47.14.150879000 AM','DD-MON-RR HH.MI.SSXFF AM'),100,'Completed','Sprint 2 Video DEMO',2,1);
Insert into TODOUSER.TODOITEM (ID,DESCRIPTION,CREATION_TS,DONE,START_DATE,END_DATE,PROGRESS,STATUS,TITLE,SPRINT_ID,IS_ACTIVE) values (5,'Desarrollar endpoints para manejar subtareas vinculadas a tareas principales, incluyendo creación, actualización y consulta.',to_timestamp_tz('21-APR-25 07.50.13.890563000 PM UTC','DD-MON-RR HH.MI.SSXFF AM TZR'),0,to_timestamp('21-APR-25 07.50.13.890575000 PM','DD-MON-RR HH.MI.SSXFF AM'),to_timestamp('11-JUN-25 04.56.06.613332000 AM','DD-MON-RR HH.MI.SSXFF AM'),100,'Completed','Gestión de Subtasks',1,1);
Insert into TODOUSER.TODOITEM (ID,DESCRIPTION,CREATION_TS,DONE,START_DATE,END_DATE,PROGRESS,STATUS,TITLE,SPRINT_ID,IS_ACTIVE) values (6,'Ajustar vistas, estilos y experiencia de usuario del frontend, incluyendo modales, navegación entre vistas y estilos generales.',to_timestamp_tz('21-APR-25 07.50.21.020488000 PM UTC','DD-MON-RR HH.MI.SSXFF AM TZR'),0,to_timestamp('21-APR-25 07.50.21.020498000 PM','DD-MON-RR HH.MI.SSXFF AM'),to_timestamp('11-JUN-25 05.45.47.726807000 AM','DD-MON-RR HH.MI.SSXFF AM'),100,'Completed','Actualización del frontend y mejoras de diseño',2,1);
Insert into TODOUSER.TODOITEM (ID,DESCRIPTION,CREATION_TS,DONE,START_DATE,END_DATE,PROGRESS,STATUS,TITLE,SPRINT_ID,IS_ACTIVE) values (276,'Actualizar las tablas de KPIs con los datos más recientes del Sprint 4 para asegurar la correcta visualización y análisis.',to_timestamp_tz('27-MAY-25 07.31.34.280526000 PM UTC','DD-MON-RR HH.MI.SSXFF AM TZR'),0,to_timestamp('27-MAY-25 07.31.34.280555000 PM','DD-MON-RR HH.MI.SSXFF AM'),to_timestamp('11-JUN-25 06.04.40.885012000 AM','DD-MON-RR HH.MI.SSXFF AM'),100,'Completed','Tablas de KPIs',4,1);
Insert into TODOUSER.TODOITEM (ID,DESCRIPTION,CREATION_TS,DONE,START_DATE,END_DATE,PROGRESS,STATUS,TITLE,SPRINT_ID,IS_ACTIVE) values (280,'Grabar y preparar los videos de flujo de configuración, casos de prueba y resultados de tests para su entrega final.',to_timestamp_tz('27-MAY-25 07.32.45.627963000 PM UTC','DD-MON-RR HH.MI.SSXFF AM TZR'),0,to_timestamp('27-MAY-25 07.32.45.627973000 PM','DD-MON-RR HH.MI.SSXFF AM'),to_timestamp('11-JUN-25 06.05.10.948721000 AM','DD-MON-RR HH.MI.SSXFF AM'),100,'Completed','Grabación y entrega',4,1);
Insert into TODOUSER.TODOITEM (ID,DESCRIPTION,CREATION_TS,DONE,START_DATE,END_DATE,PROGRESS,STATUS,TITLE,SPRINT_ID,IS_ACTIVE) values (302,'Recopilar todos los elementos necesarios como pruebas de calidad, seguridad, estructura de la base de datos, documentación existente, diagramas de arquitectura, historial de sprints y tablas de KPIs para respaldar la entrega del proyecto.',to_timestamp_tz('10-JUN-25 06.52.25.201831000 PM UTC','DD-MON-RR HH.MI.SSXFF AM TZR'),0,to_timestamp('10-JUN-25 06.52.25.201839000 PM','DD-MON-RR HH.MI.SSXFF AM'),to_timestamp('11-JUN-25 06.17.06.249190000 AM','DD-MON-RR HH.MI.SSXFF AM'),100,'Completed','Recopilación de evidencias',5,1);
Insert into TODOUSER.TODOITEM (ID,DESCRIPTION,CREATION_TS,DONE,START_DATE,END_DATE,PROGRESS,STATUS,TITLE,SPRINT_ID,IS_ACTIVE) values (303,'Preparar la presentación final del proyecto, incluyendo el reporte detallado, videos DEMO de las funcionalidades más relevantes y la edición final para su entrega formal.',to_timestamp_tz('10-JUN-25 06.52.34.484115000 PM UTC','DD-MON-RR HH.MI.SSXFF AM TZR'),0,to_timestamp('10-JUN-25 06.52.34.484121000 PM','DD-MON-RR HH.MI.SSXFF AM'),to_timestamp('11-JUN-25 06.18.19.104149000 AM','DD-MON-RR HH.MI.SSXFF AM'),100,'Completed','Presentación Final',5,1);
Insert into TODOUSER.TODOITEM (ID,DESCRIPTION,CREATION_TS,DONE,START_DATE,END_DATE,PROGRESS,STATUS,TITLE,SPRINT_ID,IS_ACTIVE) values (3,'Registrar, actualizar, obtener y eliminar sprints para organización de tareas.',to_timestamp_tz('21-APR-25 07.50.00.216310000 PM UTC','DD-MON-RR HH.MI.SSXFF AM TZR'),0,to_timestamp('21-APR-25 07.50.00.216319000 PM','DD-MON-RR HH.MI.SSXFF AM'),to_timestamp('11-JUN-25 04.57.51.983117000 AM','DD-MON-RR HH.MI.SSXFF AM'),100,'Completed','Establecimiento de sistema de Sprints',1,1);
Insert into TODOUSER.TODOITEM (ID,DESCRIPTION,CREATION_TS,DONE,START_DATE,END_DATE,PROGRESS,STATUS,TITLE,SPRINT_ID,IS_ACTIVE) values (81,'Implementar gráficas y tablas para visualizar horas trabajadas y tareas completadas por sprint y developer.',to_timestamp_tz('14-MAY-25 09.39.27.681080000 PM UTC','DD-MON-RR HH.MI.SSXFF AM TZR'),0,to_timestamp('14-MAY-25 09.39.27.681092000 PM','DD-MON-RR HH.MI.SSXFF AM'),to_timestamp('14-MAY-25 10.02.52.199502000 PM','DD-MON-RR HH.MI.SSXFF AM'),100,'Completed','KPIs y reporte de tasks',3,1);
Insert into TODOUSER.TODOITEM (ID,DESCRIPTION,CREATION_TS,DONE,START_DATE,END_DATE,PROGRESS,STATUS,TITLE,SPRINT_ID,IS_ACTIVE) values (82,'Agregar y crear archivos de prueba para controladores, asegurando la correcta ejecución de los tests automatizados.',to_timestamp_tz('14-MAY-25 09.39.44.056274000 PM UTC','DD-MON-RR HH.MI.SSXFF AM TZR'),0,to_timestamp('14-MAY-25 09.39.44.056279000 PM','DD-MON-RR HH.MI.SSXFF AM'),to_timestamp('11-JUN-25 05.59.13.959314000 AM','DD-MON-RR HH.MI.SSXFF AM'),100,'Completed','Pruebas Unitarias (Automatizadas)',3,1);
Insert into TODOUSER.TODOITEM (ID,DESCRIPTION,CREATION_TS,DONE,START_DATE,END_DATE,PROGRESS,STATUS,TITLE,SPRINT_ID,IS_ACTIVE) values (83,'Configurar y ejecutar pruebas de seguridad con OWASP ZAP, recolectando resultados y evidencias de la aplicación.',to_timestamp_tz('14-MAY-25 09.39.56.425651000 PM UTC','DD-MON-RR HH.MI.SSXFF AM TZR'),0,to_timestamp('14-MAY-25 09.39.56.425658000 PM','DD-MON-RR HH.MI.SSXFF AM'),to_timestamp('11-JUN-25 05.57.14.134144000 AM','DD-MON-RR HH.MI.SSXFF AM'),100,'Completed','Pruebas de Seguridad',3,1);
--------------------------------------------------------
--  DDL for Index PK_SUBTASKS
--------------------------------------------------------

  CREATE UNIQUE INDEX "TODOUSER"."PK_SUBTASKS" ON "TODOUSER"."SUBTASKS" ("ID") 
  PCTFREE 10 INITRANS 20 MAXTRANS 255 COMPUTE STATISTICS 
  STORAGE(INITIAL 65536 NEXT 1048576 MINEXTENTS 1 MAXEXTENTS 2147483645
  PCTINCREASE 0 FREELISTS 1 FREELIST GROUPS 1
  BUFFER_POOL DEFAULT FLASH_CACHE DEFAULT CELL_FLASH_CACHE DEFAULT)
  TABLESPACE "DATA" ;
--------------------------------------------------------
--  DDL for Index PK_DEVELOPERS
--------------------------------------------------------

  CREATE UNIQUE INDEX "TODOUSER"."PK_DEVELOPERS" ON "TODOUSER"."DEVELOPERS" ("ID") 
  PCTFREE 10 INITRANS 20 MAXTRANS 255 COMPUTE STATISTICS 
  STORAGE(INITIAL 65536 NEXT 1048576 MINEXTENTS 1 MAXEXTENTS 2147483645
  PCTINCREASE 0 FREELISTS 1 FREELIST GROUPS 1
  BUFFER_POOL DEFAULT FLASH_CACHE DEFAULT CELL_FLASH_CACHE DEFAULT)
  TABLESPACE "DATA" ;
--------------------------------------------------------
--  DDL for Index UQ_DEVELOPERS_EMAIL
--------------------------------------------------------

  CREATE UNIQUE INDEX "TODOUSER"."UQ_DEVELOPERS_EMAIL" ON "TODOUSER"."DEVELOPERS" ("EMAIL") 
  PCTFREE 10 INITRANS 20 MAXTRANS 255 COMPUTE STATISTICS 
  STORAGE(INITIAL 65536 NEXT 1048576 MINEXTENTS 1 MAXEXTENTS 2147483645
  PCTINCREASE 0 FREELISTS 1 FREELIST GROUPS 1
  BUFFER_POOL DEFAULT FLASH_CACHE DEFAULT CELL_FLASH_CACHE DEFAULT)
  TABLESPACE "DATA" ;
--------------------------------------------------------
--  DDL for Index DBTOOLS$EXECUTION_HISTORY_PK
--------------------------------------------------------

  CREATE UNIQUE INDEX "TODOUSER"."DBTOOLS$EXECUTION_HISTORY_PK" ON "TODOUSER"."DBTOOLS$EXECUTION_HISTORY" ("ID") 
  PCTFREE 10 INITRANS 20 MAXTRANS 255 COMPUTE STATISTICS 
  STORAGE(INITIAL 65536 NEXT 1048576 MINEXTENTS 1 MAXEXTENTS 2147483645
  PCTINCREASE 0 FREELISTS 1 FREELIST GROUPS 1
  BUFFER_POOL DEFAULT FLASH_CACHE DEFAULT CELL_FLASH_CACHE DEFAULT)
  TABLESPACE "DATA" ;
--------------------------------------------------------
--  DDL for Index PK_SPRINTS
--------------------------------------------------------

  CREATE UNIQUE INDEX "TODOUSER"."PK_SPRINTS" ON "TODOUSER"."SPRINTS" ("ID") 
  PCTFREE 10 INITRANS 20 MAXTRANS 255 COMPUTE STATISTICS 
  STORAGE(INITIAL 65536 NEXT 1048576 MINEXTENTS 1 MAXEXTENTS 2147483645
  PCTINCREASE 0 FREELISTS 1 FREELIST GROUPS 1
  BUFFER_POOL DEFAULT FLASH_CACHE DEFAULT CELL_FLASH_CACHE DEFAULT)
  TABLESPACE "DATA" ;
--------------------------------------------------------
--  DDL for Index PK_DSS
--------------------------------------------------------

  CREATE UNIQUE INDEX "TODOUSER"."PK_DSS" ON "TODOUSER"."DEVELOPER_SPRINT_STATS" ("DEVELOPER_ID", "SPRINT_ID") 
  PCTFREE 10 INITRANS 20 MAXTRANS 255 COMPUTE STATISTICS 
  STORAGE(INITIAL 65536 NEXT 1048576 MINEXTENTS 1 MAXEXTENTS 2147483645
  PCTINCREASE 0 FREELISTS 1 FREELIST GROUPS 1
  BUFFER_POOL DEFAULT FLASH_CACHE DEFAULT CELL_FLASH_CACHE DEFAULT)
  TABLESPACE "DATA" ;
--------------------------------------------------------
--  DDL for Index PK_TODOITEM
--------------------------------------------------------

  CREATE UNIQUE INDEX "TODOUSER"."PK_TODOITEM" ON "TODOUSER"."TODOITEM" ("ID") 
  PCTFREE 10 INITRANS 20 MAXTRANS 255 COMPUTE STATISTICS 
  STORAGE(INITIAL 65536 NEXT 1048576 MINEXTENTS 1 MAXEXTENTS 2147483645
  PCTINCREASE 0 FREELISTS 1 FREELIST GROUPS 1
  BUFFER_POOL DEFAULT FLASH_CACHE DEFAULT CELL_FLASH_CACHE DEFAULT)
  TABLESPACE "DATA" ;
--------------------------------------------------------
--  DDL for Trigger TRG_DEV_STATS_ROW
--------------------------------------------------------

  CREATE OR REPLACE EDITIONABLE TRIGGER "TODOUSER"."TRG_DEV_STATS_ROW" 
AFTER INSERT OR DELETE
   OR UPDATE OF COMPLETED, ASSIGNED_DEVELOPER_ID
ON TODOUSER.SUBTASKS
FOR EACH ROW
BEGIN
  IF INSERTING THEN
    dev_stats_pkg.mark_dev(:NEW.ASSIGNED_DEVELOPER_ID);
  ELSIF DELETING THEN
    dev_stats_pkg.mark_dev(:OLD.ASSIGNED_DEVELOPER_ID);
  ELSIF UPDATING THEN
    dev_stats_pkg.mark_dev(:NEW.ASSIGNED_DEVELOPER_ID);
    dev_stats_pkg.mark_dev(:OLD.ASSIGNED_DEVELOPER_ID);
  END IF;
END;

/
ALTER TRIGGER "TODOUSER"."TRG_DEV_STATS_ROW" ENABLE;
--------------------------------------------------------
--  DDL for Trigger TRG_DEV_STATS_STMT
--------------------------------------------------------

  CREATE OR REPLACE EDITIONABLE TRIGGER "TODOUSER"."TRG_DEV_STATS_STMT" 
AFTER INSERT OR DELETE OR UPDATE OF COMPLETED, ASSIGNED_DEVELOPER_ID
ON TODOUSER.SUBTASKS
DECLARE
  v_dev   NUMBER;
  v_ass   NUMBER;
  v_com   NUMBER;
  v_est   NUMBER(10,2);
  v_act   NUMBER(10,2);
BEGIN
  FOR i IN 1..dev_stats_pkg.devs.COUNT LOOP
    v_dev := dev_stats_pkg.devs(i);

    SELECT 
      COUNT(*),
      SUM(CASE WHEN COMPLETED = 1 THEN 1 ELSE 0 END),
      NVL(SUM(CASE WHEN COMPLETED = 1 THEN ESTIMATED_HOURS ELSE 0 END),0),
      NVL(SUM(CASE WHEN COMPLETED = 1 THEN ACTUAL_HOURS    ELSE 0 END),0)
    INTO v_ass, v_com, v_est, v_act
    FROM TODOUSER.SUBTASKS s
    JOIN TODOUSER.TODOITEM t ON t.ID = s.MAIN_TASK_ID
    WHERE s.ASSIGNED_DEVELOPER_ID = v_dev
      AND t.IS_ACTIVE = 1;

    UPDATE TODOUSER.DEVELOPER_STATS
    SET 
      TOTAL_ASSIGNED_COUNT  = v_ass,
      TOTAL_COMPLETED_COUNT = v_com,
      SUM_ESTIMATED_HOURS   = v_est,
      SUM_ACTUAL_HOURS      = v_act,
      LAST_UPDATED_TS       = CURRENT_TIMESTAMP
    WHERE DEVELOPER_ID = v_dev;
  END LOOP;
  dev_stats_pkg.devs.DELETE;
END;
/
ALTER TRIGGER "TODOUSER"."TRG_DEV_STATS_STMT" ENABLE;
--------------------------------------------------------
--  DDL for Trigger TRG_DSS_ROW
--------------------------------------------------------

  CREATE OR REPLACE EDITIONABLE TRIGGER "TODOUSER"."TRG_DSS_ROW" 
AFTER INSERT OR DELETE
   OR UPDATE OF COMPLETED, ASSIGNED_DEVELOPER_ID, MAIN_TASK_ID
ON TODOUSER.SUBTASKS
FOR EACH ROW
DECLARE
  v_old_sprint NUMBER;
  v_new_sprint NUMBER;
BEGIN
  -- Insert
  IF INSERTING THEN
    SELECT SPRINT_ID 
      INTO v_new_sprint 
      FROM TODOUSER.TODOITEM 
     WHERE ID = :NEW.MAIN_TASK_ID;
    dev_sprint_stats_pkg.mark(:NEW.ASSIGNED_DEVELOPER_ID, v_new_sprint);

  -- Delete
  ELSIF DELETING THEN
    SELECT SPRINT_ID 
      INTO v_old_sprint 
      FROM TODOUSER.TODOITEM 
     WHERE ID = :OLD.MAIN_TASK_ID;
    dev_sprint_stats_pkg.mark(:OLD.ASSIGNED_DEVELOPER_ID, v_old_sprint);

  -- Update (puede cambiar developer o tarea)
  ELSIF UPDATING THEN
    -- nuevo par
    SELECT SPRINT_ID 
      INTO v_new_sprint 
      FROM TODOUSER.TODOITEM 
     WHERE ID = :NEW.MAIN_TASK_ID;
    dev_sprint_stats_pkg.mark(:NEW.ASSIGNED_DEVELOPER_ID, v_new_sprint);
    -- viejo par
    SELECT SPRINT_ID 
      INTO v_old_sprint 
      FROM TODOUSER.TODOITEM 
     WHERE ID = :OLD.MAIN_TASK_ID;
    dev_sprint_stats_pkg.mark(:OLD.ASSIGNED_DEVELOPER_ID, v_old_sprint);
  END IF;
END;

/
ALTER TRIGGER "TODOUSER"."TRG_DSS_ROW" ENABLE;
--------------------------------------------------------
--  DDL for Trigger TRG_DSS_STMT
--------------------------------------------------------

  CREATE OR REPLACE EDITIONABLE TRIGGER "TODOUSER"."TRG_DSS_STMT" 
AFTER INSERT OR DELETE OR UPDATE OF COMPLETED, ASSIGNED_DEVELOPER_ID, MAIN_TASK_ID
ON TODOUSER.SUBTASKS
DECLARE
  v_dev    NUMBER;
  v_sprint NUMBER;
  v_ass    NUMBER;
  v_com    NUMBER;
  v_est    NUMBER(10,2);
  v_act    NUMBER(10,2);
BEGIN
  FOR i IN 1 .. dev_sprint_stats_pkg.recs.COUNT LOOP
    v_dev    := dev_sprint_stats_pkg.recs(i).dev_id;
    v_sprint := dev_sprint_stats_pkg.recs(i).sprint_id;

    SELECT 
      COUNT(*),
      SUM(CASE WHEN COMPLETED = 1 THEN 1 ELSE 0 END),
      NVL(SUM(CASE WHEN COMPLETED = 1 THEN ESTIMATED_HOURS ELSE 0 END),0),
      NVL(SUM(CASE WHEN COMPLETED = 1 THEN ACTUAL_HOURS    ELSE 0 END),0)
    INTO v_ass, v_com, v_est, v_act
    FROM TODOUSER.SUBTASKS s
    JOIN TODOUSER.TODOITEM t ON t.ID = s.MAIN_TASK_ID
    WHERE s.ASSIGNED_DEVELOPER_ID = v_dev
      AND t.SPRINT_ID = v_sprint
      AND t.IS_ACTIVE = 1;

    UPDATE TODOUSER.DEVELOPER_SPRINT_STATS
    SET 
      TOTAL_ASSIGNED_COUNT  = v_ass,
      TOTAL_COMPLETED_COUNT = v_com,
      SUM_ESTIMATED_HOURS   = v_est,
      SUM_ACTUAL_HOURS      = v_act,
      LAST_UPDATED_TS       = CURRENT_TIMESTAMP
    WHERE DEVELOPER_ID = v_dev AND SPRINT_ID = v_sprint;
  END LOOP;
  dev_sprint_stats_pkg.recs.DELETE;
END;
/
ALTER TRIGGER "TODOUSER"."TRG_DSS_STMT" ENABLE;
--------------------------------------------------------
--  DDL for Trigger TRG_NEW_DEVELOPER_STATS
--------------------------------------------------------

  CREATE OR REPLACE EDITIONABLE TRIGGER "TODOUSER"."TRG_NEW_DEVELOPER_STATS" 
AFTER INSERT ON TODOUSER.DEVELOPERS
FOR EACH ROW
BEGIN
  INSERT INTO TODOUSER.DEVELOPER_STATS (
    DEVELOPER_ID,
    TOTAL_ASSIGNED_COUNT,
    TOTAL_COMPLETED_COUNT,
    SUM_ESTIMATED_HOURS,
    SUM_ACTUAL_HOURS
  ) VALUES (
    :NEW.ID,
    0,
    0,
    0,
    0
  );
END;

/
ALTER TRIGGER "TODOUSER"."TRG_NEW_DEVELOPER_STATS" ENABLE;
--------------------------------------------------------
--  DDL for Trigger TRG_NEW_DEV_DSS
--------------------------------------------------------

  CREATE OR REPLACE EDITIONABLE TRIGGER "TODOUSER"."TRG_NEW_DEV_DSS" 
AFTER INSERT ON TODOUSER.DEVELOPERS
FOR EACH ROW
DECLARE
  v_sprint_id NUMBER;
BEGIN
  FOR rec IN (SELECT ID AS sprint_id FROM TODOUSER.SPRINTS) LOOP
    INSERT INTO TODOUSER.DEVELOPER_SPRINT_STATS (
      DEVELOPER_ID,
      SPRINT_ID,
      TOTAL_ASSIGNED_COUNT,
      TOTAL_COMPLETED_COUNT,
      SUM_ESTIMATED_HOURS,
      SUM_ACTUAL_HOURS,
      LAST_UPDATED_TS
    ) VALUES (
      :NEW.ID,
      rec.sprint_id,
      0,
      0,
      0,
      0,
      CURRENT_TIMESTAMP
    );
  END LOOP;
END;

/
ALTER TRIGGER "TODOUSER"."TRG_NEW_DEV_DSS" ENABLE;
--------------------------------------------------------
--  DDL for Trigger TRG_NEW_SPRINT_DSS
--------------------------------------------------------

  CREATE OR REPLACE EDITIONABLE TRIGGER "TODOUSER"."TRG_NEW_SPRINT_DSS" 
AFTER INSERT ON TODOUSER.SPRINTS
FOR EACH ROW
DECLARE
  v_dev_id NUMBER;
BEGIN
  FOR rec IN (SELECT ID AS dev_id FROM TODOUSER.DEVELOPERS) LOOP
    INSERT INTO TODOUSER.DEVELOPER_SPRINT_STATS (
      DEVELOPER_ID,
      SPRINT_ID,
      TOTAL_ASSIGNED_COUNT,
      TOTAL_COMPLETED_COUNT,
      SUM_ESTIMATED_HOURS,
      SUM_ACTUAL_HOURS,
      LAST_UPDATED_TS
    ) VALUES (
      rec.dev_id,
      :NEW.ID,
      0,
      0,
      0,
      0,
      CURRENT_TIMESTAMP
    );
  END LOOP;
END;

/
ALTER TRIGGER "TODOUSER"."TRG_NEW_SPRINT_DSS" ENABLE;
--------------------------------------------------------
--  DDL for Trigger TRG_NEW_SPRINT_STATS
--------------------------------------------------------

  CREATE OR REPLACE EDITIONABLE TRIGGER "TODOUSER"."TRG_NEW_SPRINT_STATS" 
AFTER INSERT ON TODOUSER.SPRINTS
FOR EACH ROW
BEGIN
  INSERT INTO TODOUSER.SPRINT_STATS (
    SPRINT_ID,
    TOTAL_SUBTASKS,
    TOTAL_COMPLETED,
    SUM_ESTIMATED_HOURS,
    SUM_ACTUAL_HOURS,
    LAST_UPDATED_TS
  ) VALUES (
    :NEW.ID,
    0,
    0,
    0,
    0,
    CURRENT_TIMESTAMP
  );
END;

/
ALTER TRIGGER "TODOUSER"."TRG_NEW_SPRINT_STATS" ENABLE;
--------------------------------------------------------
--  DDL for Trigger TRG_SPRINT_STATS_ROW
--------------------------------------------------------

  CREATE OR REPLACE EDITIONABLE TRIGGER "TODOUSER"."TRG_SPRINT_STATS_ROW" 
AFTER INSERT OR DELETE
   OR UPDATE OF COMPLETED, MAIN_TASK_ID
ON TODOUSER.SUBTASKS
FOR EACH ROW
DECLARE
  v_sprint_old NUMBER;
  v_sprint_new NUMBER;
BEGIN
  -- Si cambió la relación de tarea o es delete/insert, sacar ambos valores
  IF INSERTING THEN
    SELECT SPRINT_ID INTO v_sprint_new 
    FROM TODOUSER.TODOITEM 
    WHERE ID = :NEW.MAIN_TASK_ID;
    sprint_stats_pkg.mark_sprint(v_sprint_new);

  ELSIF DELETING THEN
    SELECT SPRINT_ID INTO v_sprint_old 
    FROM TODOUSER.TODOITEM 
    WHERE ID = :OLD.MAIN_TASK_ID;
    sprint_stats_pkg.mark_sprint(v_sprint_old);

  ELSIF UPDATING THEN
    -- Nuevo MAIN_TASK_ID
    SELECT SPRINT_ID INTO v_sprint_new 
      FROM TODOUSER.TODOITEM 
      WHERE ID = :NEW.MAIN_TASK_ID;
    sprint_stats_pkg.mark_sprint(v_sprint_new);

    -- Viejo MAIN_TASK_ID (puede ser distinto)
    SELECT SPRINT_ID INTO v_sprint_old 
      FROM TODOUSER.TODOITEM 
      WHERE ID = :OLD.MAIN_TASK_ID;
    sprint_stats_pkg.mark_sprint(v_sprint_old);
  END IF;
END;

/
ALTER TRIGGER "TODOUSER"."TRG_SPRINT_STATS_ROW" ENABLE;
--------------------------------------------------------
--  DDL for Trigger TRG_SPRINT_STATS_STMT
--------------------------------------------------------

  CREATE OR REPLACE EDITIONABLE TRIGGER "TODOUSER"."TRG_SPRINT_STATS_STMT" 
AFTER INSERT OR DELETE OR UPDATE OF COMPLETED, MAIN_TASK_ID
ON TODOUSER.SUBTASKS
DECLARE
  v_sprint  NUMBER;
  v_total   NUMBER;
  v_done    NUMBER;
  v_est     NUMBER(10,2);
  v_act     NUMBER(10,2);
BEGIN
  FOR i IN 1..sprint_stats_pkg.sprints.COUNT LOOP
    v_sprint := sprint_stats_pkg.sprints(i);

    SELECT 
      COUNT(*),
      SUM(CASE WHEN s.COMPLETED=1 THEN 1 ELSE 0 END),
      NVL(SUM(CASE WHEN s.COMPLETED=1 THEN s.ESTIMATED_HOURS ELSE 0 END),0),
      NVL(SUM(CASE WHEN s.COMPLETED=1 THEN s.ACTUAL_HOURS    ELSE 0 END),0)
    INTO v_total, v_done, v_est, v_act
    FROM TODOUSER.SUBTASKS s
    JOIN TODOUSER.TODOITEM t ON t.ID = s.MAIN_TASK_ID
    WHERE t.SPRINT_ID = v_sprint
      AND t.IS_ACTIVE = 1;

    UPDATE TODOUSER.SPRINT_STATS
    SET 
      TOTAL_SUBTASKS      = v_total,
      TOTAL_COMPLETED     = v_done,
      SUM_ESTIMATED_HOURS = v_est,
      SUM_ACTUAL_HOURS    = v_act,
      LAST_UPDATED_TS     = CURRENT_TIMESTAMP
    WHERE SPRINT_ID = v_sprint;
  END LOOP;
  sprint_stats_pkg.sprints.DELETE;
END;
/
ALTER TRIGGER "TODOUSER"."TRG_SPRINT_STATS_STMT" ENABLE;
--------------------------------------------------------
--  DDL for Package DEV_SPRINT_STATS_PKG
--------------------------------------------------------

  CREATE OR REPLACE EDITIONABLE PACKAGE "TODOUSER"."DEV_SPRINT_STATS_PKG" IS
  TYPE rec_t IS RECORD (dev_id NUMBER, sprint_id NUMBER);
  TYPE rec_tab IS TABLE OF rec_t INDEX BY PLS_INTEGER;
  recs rec_tab;
  PROCEDURE mark(p_dev NUMBER, p_sprint NUMBER);
END dev_sprint_stats_pkg;

/
--------------------------------------------------------
--  DDL for Package DEV_STATS_PKG
--------------------------------------------------------

  CREATE OR REPLACE EDITIONABLE PACKAGE "TODOUSER"."DEV_STATS_PKG" IS
  TYPE dev_tab IS TABLE OF NUMBER INDEX BY PLS_INTEGER;
  devs dev_tab;
  PROCEDURE mark_dev(p_dev_id NUMBER);
END dev_stats_pkg;

/
--------------------------------------------------------
--  DDL for Package SPRINT_STATS_PKG
--------------------------------------------------------

  CREATE OR REPLACE EDITIONABLE PACKAGE "TODOUSER"."SPRINT_STATS_PKG" IS
  TYPE sprint_tab IS TABLE OF NUMBER INDEX BY PLS_INTEGER;
  sprints sprint_tab;
  PROCEDURE mark_sprint(p_sprint_id NUMBER);
END sprint_stats_pkg;

/
--------------------------------------------------------
--  DDL for Package Body DEV_SPRINT_STATS_PKG
--------------------------------------------------------

  CREATE OR REPLACE EDITIONABLE PACKAGE BODY "TODOUSER"."DEV_SPRINT_STATS_PKG" IS
  PROCEDURE mark(p_dev NUMBER, p_sprint NUMBER) IS
    i PLS_INTEGER;
  BEGIN
    IF p_dev IS NULL OR p_sprint IS NULL THEN
      RETURN;
    END IF;
    -- Evitar duplicados
    FOR i IN 1 .. recs.COUNT LOOP
      IF recs(i).dev_id = p_dev AND recs(i).sprint_id = p_sprint THEN
        RETURN;
      END IF;
    END LOOP;
    recs(recs.COUNT + 1) := rec_t(p_dev, p_sprint);
  END mark;
END dev_sprint_stats_pkg;

/
--------------------------------------------------------
--  DDL for Package Body DEV_STATS_PKG
--------------------------------------------------------

  CREATE OR REPLACE EDITIONABLE PACKAGE BODY "TODOUSER"."DEV_STATS_PKG" IS
  PROCEDURE mark_dev(p_dev_id NUMBER) IS
    i PLS_INTEGER;
  BEGIN
    IF p_dev_id IS NULL THEN RETURN; END IF;
    FOR i IN 1..devs.COUNT LOOP
      IF devs(i) = p_dev_id THEN
        RETURN;
      END IF;
    END LOOP;
    devs(devs.COUNT + 1) := p_dev_id;
  END mark_dev;
END dev_stats_pkg;

/
--------------------------------------------------------
--  DDL for Package Body SPRINT_STATS_PKG
--------------------------------------------------------

  CREATE OR REPLACE EDITIONABLE PACKAGE BODY "TODOUSER"."SPRINT_STATS_PKG" IS
  PROCEDURE mark_sprint(p_sprint_id NUMBER) IS
    i PLS_INTEGER;
  BEGIN
    IF p_sprint_id IS NULL THEN RETURN; END IF;
    FOR i IN 1..sprints.COUNT LOOP
      IF sprints(i)=p_sprint_id THEN RETURN; END IF;
    END LOOP;
    sprints(sprints.COUNT+1):=p_sprint_id;
  END mark_sprint;
END sprint_stats_pkg;

/
--------------------------------------------------------
--  Constraints for Table DEVELOPER_STATS
--------------------------------------------------------

  ALTER TABLE "TODOUSER"."DEVELOPER_STATS" MODIFY ("TOTAL_ASSIGNED_COUNT" NOT NULL ENABLE);
  ALTER TABLE "TODOUSER"."DEVELOPER_STATS" MODIFY ("TOTAL_COMPLETED_COUNT" NOT NULL ENABLE);
  ALTER TABLE "TODOUSER"."DEVELOPER_STATS" MODIFY ("SUM_ESTIMATED_HOURS" NOT NULL ENABLE);
  ALTER TABLE "TODOUSER"."DEVELOPER_STATS" MODIFY ("SUM_ACTUAL_HOURS" NOT NULL ENABLE);
  ALTER TABLE "TODOUSER"."DEVELOPER_STATS" ADD PRIMARY KEY ("DEVELOPER_ID")
  USING INDEX PCTFREE 10 INITRANS 20 MAXTRANS 255 COMPUTE STATISTICS 
  STORAGE(INITIAL 65536 NEXT 1048576 MINEXTENTS 1 MAXEXTENTS 2147483645
  PCTINCREASE 0 FREELISTS 1 FREELIST GROUPS 1
  BUFFER_POOL DEFAULT FLASH_CACHE DEFAULT CELL_FLASH_CACHE DEFAULT)
  TABLESPACE "DATA"  ENABLE;
  ALTER TABLE "TODOUSER"."DEVELOPER_STATS" MODIFY ("LAST_UPDATED_TS" NOT NULL ENABLE);
--------------------------------------------------------
--  Constraints for Table TODOITEM
--------------------------------------------------------

  ALTER TABLE "TODOUSER"."TODOITEM" ADD CONSTRAINT "CK_TODOITEM_DONE" CHECK (DONE IN (0,1)) ENABLE;
  ALTER TABLE "TODOUSER"."TODOITEM" ADD CONSTRAINT "CK_TODOITEM_IS_ACTIVE" CHECK (IS_ACTIVE IN (0,1)) ENABLE;
  ALTER TABLE "TODOUSER"."TODOITEM" ADD CONSTRAINT "CK_TODOITEM_PROGRESS" CHECK (PROGRESS BETWEEN 0 AND 999.99) ENABLE;
  ALTER TABLE "TODOUSER"."TODOITEM" ADD CONSTRAINT "CK_TODOITEM_STATUS" CHECK (STATUS IN ('Not Started', 'In Progress', 'Completed', 'Cancelled', 'Incomplete')) ENABLE;
  ALTER TABLE "TODOUSER"."TODOITEM" ADD CONSTRAINT "PK_TODOITEM" PRIMARY KEY ("ID")
  USING INDEX PCTFREE 10 INITRANS 20 MAXTRANS 255 COMPUTE STATISTICS 
  STORAGE(INITIAL 65536 NEXT 1048576 MINEXTENTS 1 MAXEXTENTS 2147483645
  PCTINCREASE 0 FREELISTS 1 FREELIST GROUPS 1
  BUFFER_POOL DEFAULT FLASH_CACHE DEFAULT CELL_FLASH_CACHE DEFAULT)
  TABLESPACE "DATA"  ENABLE;
  ALTER TABLE "TODOUSER"."TODOITEM" MODIFY ("ID" NOT NULL ENABLE);
  ALTER TABLE "TODOUSER"."TODOITEM" MODIFY ("STATUS" NOT NULL ENABLE);
  ALTER TABLE "TODOUSER"."TODOITEM" MODIFY ("TITLE" NOT NULL ENABLE);
--------------------------------------------------------
--  Constraints for Table DEVELOPER_SPRINT_STATS
--------------------------------------------------------

  ALTER TABLE "TODOUSER"."DEVELOPER_SPRINT_STATS" ADD CONSTRAINT "PK_DSS" PRIMARY KEY ("DEVELOPER_ID", "SPRINT_ID")
  USING INDEX PCTFREE 10 INITRANS 20 MAXTRANS 255 COMPUTE STATISTICS 
  STORAGE(INITIAL 65536 NEXT 1048576 MINEXTENTS 1 MAXEXTENTS 2147483645
  PCTINCREASE 0 FREELISTS 1 FREELIST GROUPS 1
  BUFFER_POOL DEFAULT FLASH_CACHE DEFAULT CELL_FLASH_CACHE DEFAULT)
  TABLESPACE "DATA"  ENABLE;
  ALTER TABLE "TODOUSER"."DEVELOPER_SPRINT_STATS" MODIFY ("DEVELOPER_ID" NOT NULL ENABLE);
  ALTER TABLE "TODOUSER"."DEVELOPER_SPRINT_STATS" MODIFY ("SPRINT_ID" NOT NULL ENABLE);
  ALTER TABLE "TODOUSER"."DEVELOPER_SPRINT_STATS" MODIFY ("TOTAL_ASSIGNED_COUNT" NOT NULL ENABLE);
  ALTER TABLE "TODOUSER"."DEVELOPER_SPRINT_STATS" MODIFY ("TOTAL_COMPLETED_COUNT" NOT NULL ENABLE);
  ALTER TABLE "TODOUSER"."DEVELOPER_SPRINT_STATS" MODIFY ("SUM_ESTIMATED_HOURS" NOT NULL ENABLE);
  ALTER TABLE "TODOUSER"."DEVELOPER_SPRINT_STATS" MODIFY ("SUM_ACTUAL_HOURS" NOT NULL ENABLE);
  ALTER TABLE "TODOUSER"."DEVELOPER_SPRINT_STATS" MODIFY ("LAST_UPDATED_TS" NOT NULL ENABLE);
--------------------------------------------------------
--  Constraints for Table SPRINTS
--------------------------------------------------------

  ALTER TABLE "TODOUSER"."SPRINTS" ADD CONSTRAINT "CHK_SPRINT_DATES" CHECK (END_DATE > START_DATE) ENABLE;
  ALTER TABLE "TODOUSER"."SPRINTS" ADD CONSTRAINT "PK_SPRINTS" PRIMARY KEY ("ID")
  USING INDEX PCTFREE 10 INITRANS 20 MAXTRANS 255 COMPUTE STATISTICS 
  STORAGE(INITIAL 65536 NEXT 1048576 MINEXTENTS 1 MAXEXTENTS 2147483645
  PCTINCREASE 0 FREELISTS 1 FREELIST GROUPS 1
  BUFFER_POOL DEFAULT FLASH_CACHE DEFAULT CELL_FLASH_CACHE DEFAULT)
  TABLESPACE "DATA"  ENABLE;
  ALTER TABLE "TODOUSER"."SPRINTS" MODIFY ("ID" NOT NULL ENABLE);
  ALTER TABLE "TODOUSER"."SPRINTS" MODIFY ("SPRINT_NUMBER" NOT NULL ENABLE);
  ALTER TABLE "TODOUSER"."SPRINTS" MODIFY ("START_DATE" NOT NULL ENABLE);
  ALTER TABLE "TODOUSER"."SPRINTS" MODIFY ("END_DATE" NOT NULL ENABLE);
--------------------------------------------------------
--  Constraints for Table DEVELOPERS
--------------------------------------------------------

  ALTER TABLE "TODOUSER"."DEVELOPERS" ADD CONSTRAINT "CK_DEVELOPERS_ROLE" CHECK (ROLE IN ('developer', 'projectmanager')) ENABLE;
  ALTER TABLE "TODOUSER"."DEVELOPERS" ADD CONSTRAINT "PK_DEVELOPERS" PRIMARY KEY ("ID")
  USING INDEX PCTFREE 10 INITRANS 20 MAXTRANS 255 COMPUTE STATISTICS 
  STORAGE(INITIAL 65536 NEXT 1048576 MINEXTENTS 1 MAXEXTENTS 2147483645
  PCTINCREASE 0 FREELISTS 1 FREELIST GROUPS 1
  BUFFER_POOL DEFAULT FLASH_CACHE DEFAULT CELL_FLASH_CACHE DEFAULT)
  TABLESPACE "DATA"  ENABLE;
  ALTER TABLE "TODOUSER"."DEVELOPERS" MODIFY ("ID" NOT NULL ENABLE);
  ALTER TABLE "TODOUSER"."DEVELOPERS" MODIFY ("NAME" NOT NULL ENABLE);
  ALTER TABLE "TODOUSER"."DEVELOPERS" ADD CONSTRAINT "UQ_DEVELOPERS_EMAIL" UNIQUE ("EMAIL")
  USING INDEX PCTFREE 10 INITRANS 20 MAXTRANS 255 COMPUTE STATISTICS 
  STORAGE(INITIAL 65536 NEXT 1048576 MINEXTENTS 1 MAXEXTENTS 2147483645
  PCTINCREASE 0 FREELISTS 1 FREELIST GROUPS 1
  BUFFER_POOL DEFAULT FLASH_CACHE DEFAULT CELL_FLASH_CACHE DEFAULT)
  TABLESPACE "DATA"  ENABLE;
--------------------------------------------------------
--  Constraints for Table DBTOOLS$EXECUTION_HISTORY
--------------------------------------------------------

  ALTER TABLE "TODOUSER"."DBTOOLS$EXECUTION_HISTORY" ADD CONSTRAINT "DBTOOLS$EXECUTION_HISTORY_PK" PRIMARY KEY ("ID")
  USING INDEX PCTFREE 10 INITRANS 20 MAXTRANS 255 COMPUTE STATISTICS 
  STORAGE(INITIAL 65536 NEXT 1048576 MINEXTENTS 1 MAXEXTENTS 2147483645
  PCTINCREASE 0 FREELISTS 1 FREELIST GROUPS 1
  BUFFER_POOL DEFAULT FLASH_CACHE DEFAULT CELL_FLASH_CACHE DEFAULT)
  TABLESPACE "DATA"  ENABLE;
  ALTER TABLE "TODOUSER"."DBTOOLS$EXECUTION_HISTORY" MODIFY ("ID" NOT NULL ENABLE);
--------------------------------------------------------
--  Constraints for Table SPRINT_STATS
--------------------------------------------------------

  ALTER TABLE "TODOUSER"."SPRINT_STATS" MODIFY ("TOTAL_SUBTASKS" NOT NULL ENABLE);
  ALTER TABLE "TODOUSER"."SPRINT_STATS" MODIFY ("TOTAL_COMPLETED" NOT NULL ENABLE);
  ALTER TABLE "TODOUSER"."SPRINT_STATS" MODIFY ("SUM_ESTIMATED_HOURS" NOT NULL ENABLE);
  ALTER TABLE "TODOUSER"."SPRINT_STATS" MODIFY ("SUM_ACTUAL_HOURS" NOT NULL ENABLE);
  ALTER TABLE "TODOUSER"."SPRINT_STATS" MODIFY ("LAST_UPDATED_TS" NOT NULL ENABLE);
  ALTER TABLE "TODOUSER"."SPRINT_STATS" ADD PRIMARY KEY ("SPRINT_ID")
  USING INDEX PCTFREE 10 INITRANS 20 MAXTRANS 255 COMPUTE STATISTICS 
  STORAGE(INITIAL 65536 NEXT 1048576 MINEXTENTS 1 MAXEXTENTS 2147483645
  PCTINCREASE 0 FREELISTS 1 FREELIST GROUPS 1
  BUFFER_POOL DEFAULT FLASH_CACHE DEFAULT CELL_FLASH_CACHE DEFAULT)
  TABLESPACE "DATA"  ENABLE;
--------------------------------------------------------
--  Constraints for Table SUBTASKS
--------------------------------------------------------

  ALTER TABLE "TODOUSER"."SUBTASKS" ADD CONSTRAINT "CK_SUBTASKS_COMPLETED" CHECK (COMPLETED IN (0,1)) ENABLE;
  ALTER TABLE "TODOUSER"."SUBTASKS" ADD CONSTRAINT "CK_SUBTASKS_ESTIMATED_HOURS" CHECK (ESTIMATED_HOURS BETWEEN 0 AND 4) ENABLE;
  ALTER TABLE "TODOUSER"."SUBTASKS" ADD CONSTRAINT "CK_SUBTASKS_IS_ACTIVE" CHECK (IS_ACTIVE IN (0,1)) ENABLE;
  ALTER TABLE "TODOUSER"."SUBTASKS" ADD CONSTRAINT "PK_SUBTASKS" PRIMARY KEY ("ID")
  USING INDEX PCTFREE 10 INITRANS 20 MAXTRANS 255 COMPUTE STATISTICS 
  STORAGE(INITIAL 65536 NEXT 1048576 MINEXTENTS 1 MAXEXTENTS 2147483645
  PCTINCREASE 0 FREELISTS 1 FREELIST GROUPS 1
  BUFFER_POOL DEFAULT FLASH_CACHE DEFAULT CELL_FLASH_CACHE DEFAULT)
  TABLESPACE "DATA"  ENABLE;
  ALTER TABLE "TODOUSER"."SUBTASKS" MODIFY ("ID" NOT NULL ENABLE);
  ALTER TABLE "TODOUSER"."SUBTASKS" MODIFY ("MAIN_TASK_ID" NOT NULL ENABLE);
  ALTER TABLE "TODOUSER"."SUBTASKS" MODIFY ("TITLE" NOT NULL ENABLE);
--------------------------------------------------------
--  Ref Constraints for Table DEVELOPER_SPRINT_STATS
--------------------------------------------------------

  ALTER TABLE "TODOUSER"."DEVELOPER_SPRINT_STATS" ADD CONSTRAINT "FK_DSS_DEV" FOREIGN KEY ("DEVELOPER_ID")
	  REFERENCES "TODOUSER"."DEVELOPERS" ("ID") ON DELETE CASCADE ENABLE;
  ALTER TABLE "TODOUSER"."DEVELOPER_SPRINT_STATS" ADD CONSTRAINT "FK_DSS_SPRINT" FOREIGN KEY ("SPRINT_ID")
	  REFERENCES "TODOUSER"."SPRINTS" ("ID") ON DELETE CASCADE ENABLE;
--------------------------------------------------------
--  Ref Constraints for Table DEVELOPER_STATS
--------------------------------------------------------

  ALTER TABLE "TODOUSER"."DEVELOPER_STATS" ADD CONSTRAINT "FK_DEV_STATS_DEV" FOREIGN KEY ("DEVELOPER_ID")
	  REFERENCES "TODOUSER"."DEVELOPERS" ("ID") ON DELETE CASCADE ENABLE;
--------------------------------------------------------
--  Ref Constraints for Table SPRINT_STATS
--------------------------------------------------------

  ALTER TABLE "TODOUSER"."SPRINT_STATS" ADD CONSTRAINT "FK_STATS_SPRINT" FOREIGN KEY ("SPRINT_ID")
	  REFERENCES "TODOUSER"."SPRINTS" ("ID") ON DELETE CASCADE ENABLE;
--------------------------------------------------------
--  Ref Constraints for Table SUBTASKS
--------------------------------------------------------

  ALTER TABLE "TODOUSER"."SUBTASKS" ADD CONSTRAINT "FK_SUBTASKS_ASSIGNED_DEV" FOREIGN KEY ("ASSIGNED_DEVELOPER_ID")
	  REFERENCES "TODOUSER"."DEVELOPERS" ("ID") ON DELETE SET NULL ENABLE;
  ALTER TABLE "TODOUSER"."SUBTASKS" ADD CONSTRAINT "FK_SUBTASKS_MAIN_TASK" FOREIGN KEY ("MAIN_TASK_ID")
	  REFERENCES "TODOUSER"."TODOITEM" ("ID") ON DELETE CASCADE ENABLE;
--------------------------------------------------------
--  Ref Constraints for Table TODOITEM
--------------------------------------------------------

  ALTER TABLE "TODOUSER"."TODOITEM" ADD CONSTRAINT "FK_TODOITEM_SPRINT" FOREIGN KEY ("SPRINT_ID")
	  REFERENCES "TODOUSER"."SPRINTS" ("ID") ON DELETE SET NULL ENABLE;
